[2026-03-17 11:28:30] local.ERROR: The "--compact" option does not exist. {"exception":"[object] (Symfony\\Component\\Console\\Exception\\RuntimeException(code: 0): The \"--compact\" option does not exist. at /workspace/leave-management-system/vendor/symfony/console/Input/ArgvInput.php:226)
[stacktrace]
#0 /workspace/leave-management-system/vendor/symfony/console/Input/ArgvInput.php(155): Symfony\\Component\\Console\\Input\\ArgvInput->addLongOption()
#1 /workspace/leave-management-system/vendor/symfony/console/Input/ArgvInput.php(88): Symfony\\Component\\Console\\Input\\ArgvInput->parseLongOption()
#2 /workspace/leave-management-system/vendor/symfony/console/Input/ArgvInput.php(77): Symfony\\Component\\Console\\Input\\ArgvInput->parseToken()
#3 /workspace/leave-management-system/vendor/symfony/console/Input/Input.php(53): Symfony\\Component\\Console\\Input\\ArgvInput->parse()
#4 /workspace/leave-management-system/vendor/symfony/console/Command/Command.php(295): Symfony\\Component\\Console\\Input\\Input->bind()
#5 /workspace/leave-management-system/vendor/laravel/framework/src/Illuminate/Console/Command.php(180): Symfony\\Component\\Console\\Command\\Command->run()
#6 /workspace/leave-management-system/vendor/symfony/console/Application.php(1117): Illuminate\\Console\\Command->run()
#7 /workspace/leave-management-system/vendor/symfony/console/Application.php(356): Symfony\\Component\\Console\\Application->doRunCommand()
#8 /workspace/leave-management-system/vendor/symfony/console/Application.php(195): Symfony\\Component\\Console\\Application->doRun()
#9 /workspace/leave-management-system/vendor/laravel/framework/src/Illuminate/Foundation/Console/Kernel.php(198): Symfony\\Component\\Console\\Application->run()
#10 /workspace/leave-management-system/vendor/laravel/framework/src/Illuminate/Foundation/Application.php(1235): Illuminate\\Foundation\\Console\\Kernel->handle()
#11 /workspace/leave-management-system/artisan(16): Illuminate\\Foundation\\Application->handleCommand()
#12 {main}
"} 
[2026-03-26 08:52:05] local.ERROR: Database file at path [D:\bootstrap workshop\leave-management-system\leave-management-system\database\database.sqlite] does not exist. Ensure this is an absolute path to the database. (Connection: sqlite, Database: D:\bootstrap workshop\leave-management-system\leave-management-system\database\database.sqlite, SQL: select * from "sessions" where "id" = I6amtVne2CNDA70FH5gLGrqKAGw4uguBqWlf9VHs limit 1) {"exception":"[object] (Illuminate\\Database\\QueryException(code: 0): Database file at path [D:\\bootstrap workshop\\leave-management-system\\leave-management-system\\database\\database.sqlite] does not exist. Ensure this is an absolute path to the database. (Connection: sqlite, Database: D:\\bootstrap workshop\\leave-management-system\\leave-management-system\\database\\database.sqlite, SQL: select * from \"sessions\" where \"id\" = I6amtVne2CNDA70FH5gLGrqKAGw4uguBqWlf9VHs limit 1) at D:/bootstrap workshop/leave-management-system/leave-management-system/vendor/laravel/framework/src/Illuminate/Database/Connection.php:838)
[stacktrace]
#0 D:/bootstrap workshop/leave-management-system/leave-management-system/vendor/laravel/framework/src/Illuminate/Database/Connection.php(794): Illuminate/Database/Connection->runQueryCallback('select * from \"...', Array, Object(Closure))
#1 D:/bootstrap workshop/leave-management-system/leave-management-system/vendor/laravel/framework/src/Illuminate/Database/Connection.php(411): Illuminate/Database/Connection->run('select * from \"...', Array, Object(Closure))
#2 D:/bootstrap workshop/leave-management-system/leave-management-system/vendor/laravel/framework/src/Illuminate/Database/Query/Builder.php(3475): Illuminate/Database/Connection->select('select * from \"...', Array, false)
#3 D:/bootstrap workshop/leave-management-system/leave-management-system/vendor/laravel/framework/src/Illuminate/Database/Query/Builder.php(3460): Illuminate/Database/Query/Builder->runSelect()
#4 D:/bootstrap workshop/leave-management-system/leave-management-system/vendor/laravel/framework/src/Illuminate/Database/Query/Builder.php(4050): Illuminate/Database/Query/Builder->Illuminate/Database/Query/{closure}()
#5 D:/bootstrap workshop/leave-management-system/leave-management-system/vendor/laravel/framework/src/Illuminate/Database/Query/Builder.php(3459): Illuminate/Database/Query/Builder->onceWithColumns(Array, Object(Closure))
#6 D:/bootstrap workshop/leave-management-system/leave-management-system/vendor/laravel/framework/src/Illuminate/Database/Concerns/BuildsQueries.php(366): Illuminate/Database/Query/Builder->get(Array)
#7 D:/bootstrap workshop/leave-management-system/leave-management-system/vendor/laravel/framework/src/Illuminate/Database/Query/Builder.php(3382): Illuminate/Database/Query/Builder->first(Array)
#8 D:/bootstrap workshop/leave-management-system/leave-management-system/vendor/laravel/framework/src/Illuminate/Session/DatabaseSessionHandler.php(96): Illuminate/Database/Query/Builder->find('I6amtVne2CNDA70...')
#9 D:/bootstrap workshop/leave-management-system/leave-management-system/vendor/laravel/framework/src/Illuminate/Session/Store.php(128): Illuminate/Session/DatabaseSessionHandler->read('I6amtVne2CNDA70...')
#10 D:/bootstrap workshop/leave-management-system/leave-management-system/vendor/laravel/framework/src/Illuminate/Session/Store.php(116): Illuminate/Session/Store->readFromHandler()
#11 D:/bootstrap workshop/leave-management-system/leave-management-system/vendor/laravel/framework/src/Illuminate/Session/Store.php(100): Illuminate/Session/Store->loadSession()
#12 D:/bootstrap workshop/leave-management-system/leave-management-system/vendor/laravel/framework/src/Illuminate/Session/Middleware/StartSession.php(146): Illuminate/Session/Store->start()
#13 D:/bootstrap workshop/leave-management-system/leave-management-system/vendor/laravel/framework/src/Illuminate/Support/helpers.php(388): Illuminate/Session/Middleware/StartSession->Illuminate/Session/Middleware/{closure}(Object(Illuminate/Session/Store))
#14 D:/bootstrap workshop/leave-management-system/leave-management-system/vendor/laravel/framework/src/Illuminate/Session/Middleware/StartSession.php(143): tap(Object(Illuminate/Session/Store), Object(Closure))
#15 D:/bootstrap workshop/leave-management-system/leave-management-system/vendor/laravel/framework/src/Illuminate/Session/Middleware/StartSession.php(115): Illuminate/Session/Middleware/StartSession->startSession(Object(Illuminate/Http/Request), Object(Illuminate/Session/Store))
#16 D:/bootstrap workshop/leave-management-system/leave-management-system/vendor/laravel/framework/src/Illuminate/Session/Middleware/StartSession.php(63): Illuminate/Session/Middleware/StartSession->handleStatefulRequest(Object(Illuminate/Http/Request), Object(Illuminate/Session/Store), Object(Closure))
#17 D:/bootstrap workshop/leave-management-system/leave-management-system/vendor/laravel/framework/src/Illuminate/Pipeline/Pipeline.php(219): Illuminate/Session/Middleware/StartSession->handle(Object(Illuminate/Http/Request), Object(Closure))
#18 D:/bootstrap workshop/leave-management-system/leave-management-system/vendor/laravel/framework/src/Illuminate/Cookie/Middleware/AddQueuedCookiesToResponse.php(36): Illuminate/Pipeline/Pipeline->Illuminate/Pipeline/{closure}(Object(Illuminate/Http/Request))
#19 D:/bootstrap workshop/leave-management-system/leave-management-system/vendor/laravel/framework/src/Illuminate/Pipeline/Pipeline.php(219): Illuminate/Cookie/Middleware/AddQueuedCookiesToResponse->handle(Object(Illuminate/Http/Request), Object(Closure))
#20 D:/bootstrap workshop/leave-management-system/leave-management-system/vendor/laravel/framework/src/Illuminate/Cookie/Middleware/EncryptCookies.php(74): Illuminate/Pipeline/Pipeline->Illuminate/Pipeline/{closure}(Object(Illuminate/Http/Request))
#21 D:/bootstrap workshop/leave-management-system/leave-management-system/vendor/laravel/framework/src/Illuminate/Pipeline/Pipeline.php(219): Illuminate/Cookie/Middleware/EncryptCookies->handle(Object(Illuminate/Http/Request), Object(Closure))
#22 D:/bootstrap workshop/leave-management-system/leave-management-system/vendor/laravel/framework/src/Illuminate/Pipeline/Pipeline.php(137): Illuminate/Pipeline/Pipeline->Illuminate/Pipeline/{closure}(Object(Illuminate/Http/Request))
#23 D:/bootstrap workshop/leave-management-system/leave-management-system/vendor/laravel/framework/src/Illuminate/Routing/Router.php(821): Illuminate/Pipeline/Pipeline->then(Object(Closure))
#24 D:/bootstrap workshop/leave-management-system/leave-management-system/vendor/laravel/framework/src/Illuminate/Routing/Router.php(800): Illuminate/Routing/Router->runRouteWithinStack(Object(Illuminate/Routing/Route), Object(Illuminate/Http/Request))
#25 D:/bootstrap workshop/leave-management-system/leave-management-system/vendor/laravel/framework/src/Illuminate/Routing/Router.php(764): Illuminate/Routing/Router->runRoute(Object(Illuminate/Http/Request), Object(Illuminate/Routing/Route))
#26 D:/bootstrap workshop/leave-management-system/leave-management-system/vendor/laravel/framework/src/Illuminate/Routing/Router.php(753): Illuminate/Routing/Router->dispatchToRoute(Object(Illuminate/Http/Request))
#27 D:/bootstrap workshop/leave-management-system/leave-management-system/vendor/laravel/framework/src/Illuminate/Foundation/Http/Kernel.php(200): Illuminate/Routing/Router->dispatch(Object(Illuminate/Http/Request))
#28 D:/bootstrap workshop/leave-management-system/leave-management-system/vendor/laravel/framework/src/Illuminate/Pipeline/Pipeline.php(180): Illuminate/Foundation/Http/Kernel->Illuminate/Foundation/Http/{closure}(Object(Illuminate/Http/Request))
#29 D:/bootstrap workshop/leave-management-system/leave-management-system/vendor/laravel/framework/src/Illuminate/Foundation/Http/Middleware/TransformsRequest.php(21): Illuminate/Pipeline/Pipeline->Illuminate/Pipeline/{closure}(Object(Illuminate/Http/Request))
#30 D:/bootstrap workshop/leave-management-system/leave-management-system/vendor/laravel/framework/src/Illuminate/Foundation/Http/Middleware/ConvertEmptyStringsToNull.php(31): Illuminate/Foundation/Http/Middleware/TransformsRequest->handle(Object(Illuminate/Http/Request), Object(Closure))
#31 D:/bootstrap workshop/leave-management-system/leave-management-system/vendor/laravel/framework/src/Illuminate/Pipeline/Pipeline.php(219): Illuminate/Foundation/Http/Middleware/ConvertEmptyStringsToNull->handle(Object(Illuminate/Http/Request), Object(Closure))
#32 D:/bootstrap workshop/leave-management-system/leave-management-system/vendor/laravel/framework/src/Illuminate/Foundation/Http/Middleware/TransformsRequest.php(21): Illuminate/Pipeline/Pipeline->Illuminate/Pipeline/{closure}(Object(Illuminate/Http/Request))
#33 D:/bootstrap workshop/leave-management-system/leave-management-system/vendor/laravel/framework/src/Illuminate/Foundation/Http/Middleware/TrimStrings.php(51): Illuminate/Foundation/Http/Middleware/TransformsRequest->handle(Object(Illuminate/Http/Request), Object(Closure))
#34 D:/bootstrap workshop/leave-management-system/leave-management-system/vendor/laravel/framework/src/Illuminate/Pipeline/Pipeline.php(219): Illuminate/Foundation/Http/Middleware/TrimStrings->handle(Object(Illuminate/Http/Request), Object(Closure))
#35 D:/bootstrap workshop/leave-management-system/leave-management-system/vendor/laravel/framework/src/Illuminate/Http/Middleware/ValidatePostSize.php(27): Illuminate/Pipeline/Pipeline->Illuminate/Pipeline/{closure}(Object(Illuminate/Http/Request))
#36 D:/bootstrap workshop/leave-management-system/leave-management-system/vendor/laravel/framework/src/Illuminate/Pipeline/Pipeline.php(219): Illuminate/Http/Middleware/ValidatePostSize->handle(Object(Illuminate/Http/Request), Object(Closure))
#37 D:/bootstrap workshop/leave-management-system/leave-management-system/vendor/laravel/framework/src/Illuminate/Foundation/Http/Middleware/PreventRequestsDuringMaintenance.php(109): Illuminate/Pipeline/Pipeline->Illuminate/Pipeline/{closure}(Object(Illuminate/Http/Request))
#38 D:/bootstrap workshop/leave-management-system/leave-management-system/vendor/laravel/framework/src/Illuminate/Pipeline/Pipeline.php(219): Illuminate/Foundation/Http/Middleware/PreventRequestsDuringMaintenance->handle(Object(Illuminate/Http/Request), Object(Closure))
#39 D:/bootstrap workshop/leave-management-system/leave-management-system/vendor/laravel/framework/src/Illuminate/Http/Middleware/HandleCors.php(61): Illuminate/Pipeline/Pipeline->Illuminate/Pipeline/{closure}(Object(Illuminate/Http/Request))
#40 D:/bootstrap workshop/leave-management-system/leave-management-system/vendor/laravel/framework/src/Illuminate/Pipeline/Pipeline.php(219): Illuminate/Http/Middleware/HandleCors->handle(Object(Illuminate/Http/Request), Object(Closure))
#41 D:/bootstrap workshop/leave-management-system/leave-management-system/vendor/laravel/framework/src/Illuminate/Http/Middleware/TrustProxies.php(58): Illuminate/Pipeline/Pipeline->Illuminate/Pipeline/{closure}(Object(Illuminate/Http/Request))
#42 D:/bootstrap workshop/leave-management-system/leave-management-system/vendor/laravel/framework/src/Illuminate/Pipeline/Pipeline.php(219): Illuminate/Http/Middleware/TrustProxies->handle(Object(Illuminate/Http/Request), Object(Closure))
#43 D:/bootstrap workshop/leave-management-system/leave-management-system/vendor/laravel/framework/src/Illuminate/Foundation/Http/Middleware/InvokeDeferredCallbacks.php(22): Illuminate/Pipeline/Pipeline->Illuminate/Pipeline/{closure}(Object(Illuminate/Http/Request))
#44 D:/bootstrap workshop/leave-management-system/leave-management-system/vendor/laravel/framework/src/Illuminate/Pipeline/Pipeline.php(219): Illuminate/Foundation/Http/Middleware/InvokeDeferredCallbacks->handle(Object(Illuminate/Http/Request), Object(Closure))
#45 D:/bootstrap workshop/leave-management-system/leave-management-system/vendor/laravel/framework/src/Illuminate/Http/Middleware/ValidatePathEncoding.php(26): Illuminate/Pipeline/Pipeline->Illuminate/Pipeline/{closure}(Object(Illuminate/Http/Request))
#46 D:/bootstrap workshop/leave-management-system/leave-management-system/vendor/laravel/framework/src/Illuminate/Pipeline/Pipeline.php(219): Illuminate/Http/Middleware/ValidatePathEncoding->handle(Object(Illuminate/Http/Request), Object(Closure))
#47 D:/bootstrap workshop/leave-management-system/leave-management-system/vendor/laravel/framework/src/Illuminate/Pipeline/Pipeline.php(137): Illuminate/Pipeline/Pipeline->Illuminate/Pipeline/{closure}(Object(Illuminate/Http/Request))
#48 D:/bootstrap workshop/leave-management-system/leave-management-system/vendor/laravel/framework/src/Illuminate/Foundation/Http/Kernel.php(175): Illuminate/Pipeline/Pipeline->then(Object(Closure))
#49 D:/bootstrap workshop/leave-management-system/leave-management-system/vendor/laravel/framework/src/Illuminate/Foundation/Http/Kernel.php(144): Illuminate/Foundation/Http/Kernel->sendRequestThroughRouter(Object(Illuminate/Http/Request))
#50 D:/bootstrap workshop/leave-management-system/leave-management-system/vendor/laravel/framework/src/Illuminate/Foundation/Application.php(1220): Illuminate/Foundation/Http/Kernel->handle(Object(Illuminate/Http/Request))
#51 D:/bootstrap workshop/leave-management-system/leave-management-system/public/index.php(20): Illuminate/Foundation/Application->handleRequest(Object(Illuminate/Http/Request))
#52 D:/bootstrap workshop/leave-management-system/leave-management-system/vendor/laravel/framework/src/Illuminate/Foundation/resources/server.php(23): require_once('D://bootstrap wo...')
#53 {main}

[previous exception] [object] (Illuminate\\Database\\SQLiteDatabaseDoesNotExistException(code: 0): Database file at path [D:\\bootstrap workshop\\leave-management-system\\leave-management-system\\database\\database.sqlite] does not exist. Ensure this is an absolute path to the database. at D:/bootstrap workshop/leave-management-system/leave-management-system/vendor/laravel/framework/src/Illuminate/Database/Connectors/SQLiteConnector.php:60)
[stacktrace]
#0 D:/bootstrap workshop/leave-management-system/leave-management-system/vendor/laravel/framework/src/Illuminate/Database/Connectors/SQLiteConnector.php(19): Illuminate/Database/Connectors/SQLiteConnector->parseDatabasePath(false)
#1 D:/bootstrap workshop/leave-management-system/leave-management-system/vendor/laravel/framework/src/Illuminate/Database/Connectors/ConnectionFactory.php(225): Illuminate/Database/Connectors/SQLiteConnector->connect(Array)
#2 [internal function]: Illuminate/Database/Connectors/ConnectionFactory->Illuminate/Database/Connectors/{closure}()
#3 D:/bootstrap workshop/leave-management-system/leave-management-system/vendor/laravel/framework/src/Illuminate/Database/Connection.php(1257): call_user_func(Object(Closure))
#4 D:/bootstrap workshop/leave-management-system/leave-management-system/vendor/laravel/framework/src/Illuminate/Database/Connection.php(525): Illuminate/Database/Connection->getPdo()
#5 D:/bootstrap workshop/leave-management-system/leave-management-system/vendor/laravel/framework/src/Illuminate/Database/Connection.php(420): Illuminate/Database/Connection->getPdoForSelect(false)
#6 D:/bootstrap workshop/leave-management-system/leave-management-system/vendor/laravel/framework/src/Illuminate/Database/Connection.php(827): Illuminate/Database/Connection->Illuminate/Database/{closure}('select * from \"...', Array)
#7 D:/bootstrap workshop/leave-management-system/leave-management-system/vendor/laravel/framework/src/Illuminate/Database/Connection.php(794): Illuminate/Database/Connection->runQueryCallback('select * from \"...', Array, Object(Closure))
#8 D:/bootstrap workshop/leave-management-system/leave-management-system/vendor/laravel/framework/src/Illuminate/Database/Connection.php(411): Illuminate/Database/Connection->run('select * from \"...', Array, Object(Closure))
#9 D:/bootstrap workshop/leave-management-system/leave-management-system/vendor/laravel/framework/src/Illuminate/Database/Query/Builder.php(3475): Illuminate/Database/Connection->select('select * from \"...', Array, false)
#10 D:/bootstrap workshop/leave-management-system/leave-management-system/vendor/laravel/framework/src/Illuminate/Database/Query/Builder.php(3460): Illuminate/Database/Query/Builder->runSelect()
#11 D:/bootstrap workshop/leave-management-system/leave-management-system/vendor/laravel/framework/src/Illuminate/Database/Query/Builder.php(4050): Illuminate/Database/Query/Builder->Illuminate/Database/Query/{closure}()
#12 D:/bootstrap workshop/leave-management-system/leave-management-system/vendor/laravel/framework/src/Illuminate/Database/Query/Builder.php(3459): Illuminate/Database/Query/Builder->onceWithColumns(Array, Object(Closure))
#13 D:/bootstrap workshop/leave-management-system/leave-management-system/vendor/laravel/framework/src/Illuminate/Database/Concerns/BuildsQueries.php(366): Illuminate/Database/Query/Builder->get(Array)
#14 D:/bootstrap workshop/leave-management-system/leave-management-system/vendor/laravel/framework/src/Illuminate/Database/Query/Builder.php(3382): Illuminate/Database/Query/Builder->first(Array)
#15 D:/bootstrap workshop/leave-management-system/leave-management-system/vendor/laravel/framework/src/Illuminate/Session/DatabaseSessionHandler.php(96): Illuminate/Database/Query/Builder->find('I6amtVne2CNDA70...')
#16 D:/bootstrap workshop/leave-management-system/leave-management-system/vendor/laravel/framework/src/Illuminate/Session/Store.php(128): Illuminate/Session/DatabaseSessionHandler->read('I6amtVne2CNDA70...')
#17 D:/bootstrap workshop/leave-management-system/leave-management-system/vendor/laravel/framework/src/Illuminate/Session/Store.php(116): Illuminate/Session/Store->readFromHandler()
#18 D:/bootstrap workshop/leave-management-system/leave-management-system/vendor/laravel/framework/src/Illuminate/Session/Store.php(100): Illuminate/Session/Store->loadSession()
#19 D:/bootstrap workshop/leave-management-system/leave-management-system/vendor/laravel/framework/src/Illuminate/Session/Middleware/StartSession.php(146): Illuminate/Session/Store->start()
#20 D:/bootstrap workshop/leave-management-system/leave-management-system/vendor/laravel/framework/src/Illuminate/Support/helpers.php(388): Illuminate/Session/Middleware/StartSession->Illuminate/Session/Middleware/{closure}(Object(Illuminate/Session/Store))
#21 D:/bootstrap workshop/leave-management-system/leave-management-system/vendor/laravel/framework/src/Illuminate/Session/Middleware/StartSession.php(143): tap(Object(Illuminate/Session/Store), Object(Closure))
#22 D:/bootstrap workshop/leave-management-system/leave-management-system/vendor/laravel/framework/src/Illuminate/Session/Middleware/StartSession.php(115): Illuminate/Session/Middleware/StartSession->startSession(Object(Illuminate/Http/Request), Object(Illuminate/Session/Store))
#23 D:/bootstrap workshop/leave-management-system/leave-management-system/vendor/laravel/framework/src/Illuminate/Session/Middleware/StartSession.php(63): Illuminate/Session/Middleware/StartSession->handleStatefulRequest(Object(Illuminate/Http/Request), Object(Illuminate/Session/Store), Object(Closure))
#24 D:/bootstrap workshop/leave-management-system/leave-management-system/vendor/laravel/framework/src/Illuminate/Pipeline/Pipeline.php(219): Illuminate/Session/Middleware/StartSession->handle(Object(Illuminate/Http/Request), Object(Closure))
#25 D:/bootstrap workshop/leave-management-system/leave-management-system/vendor/laravel/framework/src/Illuminate/Cookie/Middleware/AddQueuedCookiesToResponse.php(36): Illuminate/Pipeline/Pipeline->Illuminate/Pipeline/{closure}(Object(Illuminate/Http/Request))
#26 D:/bootstrap workshop/leave-management-system/leave-management-system/vendor/laravel/framework/src/Illuminate/Pipeline/Pipeline.php(219): Illuminate/Cookie/Middleware/AddQueuedCookiesToResponse->handle(Object(Illuminate/Http/Request), Object(Closure))
#27 D:/bootstrap workshop/leave-management-system/leave-management-system/vendor/laravel/framework/src/Illuminate/Cookie/Middleware/EncryptCookies.php(74): Illuminate/Pipeline/Pipeline->Illuminate/Pipeline/{closure}(Object(Illuminate/Http/Request))
#28 D:/bootstrap workshop/leave-management-system/leave-management-system/vendor/laravel/framework/src/Illuminate/Pipeline/Pipeline.php(219): Illuminate/Cookie/Middleware/EncryptCookies->handle(Object(Illuminate/Http/Request), Object(Closure))
#29 D:/bootstrap workshop/leave-management-system/leave-management-system/vendor/laravel/framework/src/Illuminate/Pipeline/Pipeline.php(137): Illuminate/Pipeline/Pipeline->Illuminate/Pipeline/{closure}(Object(Illuminate/Http/Request))
#30 D:/bootstrap workshop/leave-management-system/leave-management-system/vendor/laravel/framework/src/Illuminate/Routing/Router.php(821): Illuminate/Pipeline/Pipeline->then(Object(Closure))
#31 D:/bootstrap workshop/leave-management-system/leave-management-system/vendor/laravel/framework/src/Illuminate/Routing/Router.php(800): Illuminate/Routing/Router->runRouteWithinStack(Object(Illuminate/Routing/Route), Object(Illuminate/Http/Request))
#32 D:/bootstrap workshop/leave-management-system/leave-management-system/vendor/laravel/framework/src/Illuminate/Routing/Router.php(764): Illuminate/Routing/Router->runRoute(Object(Illuminate/Http/Request), Object(Illuminate/Routing/Route))
#33 D:/bootstrap workshop/leave-management-system/leave-management-system/vendor/laravel/framework/src/Illuminate/Routing/Router.php(753): Illuminate/Routing/Router->dispatchToRoute(Object(Illuminate/Http/Request))
#34 D:/bootstrap workshop/leave-management-system/leave-management-system/vendor/laravel/framework/src/Illuminate/Foundation/Http/Kernel.php(200): Illuminate/Routing/Router->dispatch(Object(Illuminate/Http/Request))
#35 D:/bootstrap workshop/leave-management-system/leave-management-system/vendor/laravel/framework/src/Illuminate/Pipeline/Pipeline.php(180): Illuminate/Foundation/Http/Kernel->Illuminate/Foundation/Http/{closure}(Object(Illuminate/Http/Request))
#36 D:/bootstrap workshop/leave-management-system/leave-management-system/vendor/laravel/framework/src/Illuminate/Foundation/Http/Middleware/TransformsRequest.php(21): Illuminate/Pipeline/Pipeline->Illuminate/Pipeline/{closure}(Object(Illuminate/Http/Request))
#37 D:/bootstrap workshop/leave-management-system/leave-management-system/vendor/laravel/framework/src/Illuminate/Foundation/Http/Middleware/ConvertEmptyStringsToNull.php(31): Illuminate/Foundation/Http/Middleware/TransformsRequest->handle(Object(Illuminate/Http/Request), Object(Closure))
#38 D:/bootstrap workshop/leave-management-system/leave-management-system/vendor/laravel/framework/src/Illuminate/Pipeline/Pipeline.php(219): Illuminate/Foundation/Http/Middleware/ConvertEmptyStringsToNull->handle(Object(Illuminate/Http/Request), Object(Closure))
#39 D:/bootstrap workshop/leave-management-system/leave-management-system/vendor/laravel/framework/src/Illuminate/Foundation/Http/Middleware/TransformsRequest.php(21): Illuminate/Pipeline/Pipeline->Illuminate/Pipeline/{closure}(Object(Illuminate/Http/Request))
#40 D:/bootstrap workshop/leave-management-system/leave-management-system/vendor/laravel/framework/src/Illuminate/Foundation/Http/Middleware/TrimStrings.php(51): Illuminate/Foundation/Http/Middleware/TransformsRequest->handle(Object(Illuminate/Http/Request), Object(Closure))
#41 D:/bootstrap workshop/leave-management-system/leave-management-system/vendor/laravel/framework/src/Illuminate/Pipeline/Pipeline.php(219): Illuminate/Foundation/Http/Middleware/TrimStrings->handle(Object(Illuminate/Http/Request), Object(Closure))
#42 D:/bootstrap workshop/leave-management-system/leave-management-system/vendor/laravel/framework/src/Illuminate/Http/Middleware/ValidatePostSize.php(27): Illuminate/Pipeline/Pipeline->Illuminate/Pipeline/{closure}(Object(Illuminate/Http/Request))
#43 D:/bootstrap workshop/leave-management-system/leave-management-system/vendor/laravel/framework/src/Illuminate/Pipeline/Pipeline.php(219): Illuminate/Http/Middleware/ValidatePostSize->handle(Object(Illuminate/Http/Request), Object(Closure))
#44 D:/bootstrap workshop/leave-management-system/leave-management-system/vendor/laravel/framework/src/Illuminate/Foundation/Http/Middleware/PreventRequestsDuringMaintenance.php(109): Illuminate/Pipeline/Pipeline->Illuminate/Pipeline/{closure}(Object(Illuminate/Http/Request))
#45 D:/bootstrap workshop/leave-management-system/leave-management-system/vendor/laravel/framework/src/Illuminate/Pipeline/Pipeline.php(219): Illuminate/Foundation/Http/Middleware/PreventRequestsDuringMaintenance->handle(Object(Illuminate/Http/Request), Object(Closure))
#46 D:/bootstrap workshop/leave-management-system/leave-management-system/vendor/laravel/framework/src/Illuminate/Http/Middleware/HandleCors.php(61): Illuminate/Pipeline/Pipeline->Illuminate/Pipeline/{closure}(Object(Illuminate/Http/Request))
#47 D:/bootstrap workshop/leave-management-system/leave-management-system/vendor/laravel/framework/src/Illuminate/Pipeline/Pipeline.php(219): Illuminate/Http/Middleware/HandleCors->handle(Object(Illuminate/Http/Request), Object(Closure))
#48 D:/bootstrap workshop/leave-management-system/leave-management-system/vendor/laravel/framework/src/Illuminate/Http/Middleware/TrustProxies.php(58): Illuminate/Pipeline/Pipeline->Illuminate/Pipeline/{closure}(Object(Illuminate/Http/Request))
#49 D:/bootstrap workshop/leave-management-system/leave-management-system/vendor/laravel/framework/src/Illuminate/Pipeline/Pipeline.php(219): Illuminate/Http/Middleware/TrustProxies->handle(Object(Illuminate/Http/Request), Object(Closure))
#50 D:/bootstrap workshop/leave-management-system/leave-management-system/vendor/laravel/framework/src/Illuminate/Foundation/Http/Middleware/InvokeDeferredCallbacks.php(22): Illuminate/Pipeline/Pipeline->Illuminate/Pipeline/{closure}(Object(Illuminate/Http/Request))
#51 D:/bootstrap workshop/leave-management-system/leave-management-system/vendor/laravel/framework/src/Illuminate/Pipeline/Pipeline.php(219): Illuminate/Foundation/Http/Middleware/InvokeDeferredCallbacks->handle(Object(Illuminate/Http/Request), Object(Closure))
#52 D:/bootstrap workshop/leave-management-system/leave-management-system/vendor/laravel/framework/src/Illuminate/Http/Middleware/ValidatePathEncoding.php(26): Illuminate/Pipeline/Pipeline->Illuminate/Pipeline/{closure}(Object(Illuminate/Http/Request))
#53 D:/bootstrap workshop/leave-management-system/leave-management-system/vendor/laravel/framework/src/Illuminate/Pipeline/Pipeline.php(219): Illuminate/Http/Middleware/ValidatePathEncoding->handle(Object(Illuminate/Http/Request), Object(Closure))
#54 D:/bootstrap workshop/leave-management-system/leave-management-system/vendor/laravel/framework/src/Illuminate/Pipeline/Pipeline.php(137): Illuminate/Pipeline/Pipeline->Illuminate/Pipeline/{closure}(Object(Illuminate/Http/Request))
#55 D:/bootstrap workshop/leave-management-system/leave-management-system/vendor/laravel/framework/src/Illuminate/Foundation/Http/Kernel.php(175): Illuminate/Pipeline/Pipeline->then(Object(Closure))
#56 D:/bootstrap workshop/leave-management-system/leave-management-system/vendor/laravel/framework/src/Illuminate/Foundation/Http/Kernel.php(144): Illuminate/Foundation/Http/Kernel->sendRequestThroughRouter(Object(Illuminate/Http/Request))
#57 D:/bootstrap workshop/leave-management-system/leave-management-system/vendor/laravel/framework/src/Illuminate/Foundation/Application.php(1220): Illuminate/Foundation/Http/Kernel->handle(Object(Illuminate/Http/Request))
#58 D:/bootstrap workshop/leave-management-system/leave-management-system/public/index.php(20): Illuminate/Foundation/Application->handleRequest(Object(Illuminate/Http/Request))
#59 D:/bootstrap workshop/leave-management-system/leave-management-system/vendor/laravel/framework/src/Illuminate/Foundation/resources/server.php(23): require_once('D://bootstrap wo...')
#60 {main}
"} 
[2026-03-26 09:06:04] local.ERROR: Database file at path [D:\bootstrap workshop\leave-management-system\leave-management-system\database\database.sqlite] does not exist. Ensure this is an absolute path to the database. (Connection: sqlite, Database: D:\bootstrap workshop\leave-management-system\leave-management-system\database\database.sqlite, SQL: select * from "sessions" where "id" = qF7Izw6vKZ9g70XzEKsQ8H1aL4803UUObhcW2yWB limit 1) {"exception":"[object] (Illuminate\\Database\\QueryException(code: 0): Database file at path [D:\\bootstrap workshop\\leave-management-system\\leave-management-system\\database\\database.sqlite] does not exist. Ensure this is an absolute path to the database. (Connection: sqlite, Database: D:\\bootstrap workshop\\leave-management-system\\leave-management-system\\database\\database.sqlite, SQL: select * from \"sessions\" where \"id\" = qF7Izw6vKZ9g70XzEKsQ8H1aL4803UUObhcW2yWB limit 1) at D:/bootstrap workshop/leave-management-system/leave-management-system/vendor/laravel/framework/src/Illuminate/Database/Connection.php:838)
[stacktrace]
#0 D:/bootstrap workshop/leave-management-system/leave-management-system/vendor/laravel/framework/src/Illuminate/Database/Connection.php(794): Illuminate/Database/Connection->runQueryCallback('select * from \"...', Array, Object(Closure))
#1 D:/bootstrap workshop/leave-management-system/leave-management-system/vendor/laravel/framework/src/Illuminate/Database/Connection.php(411): Illuminate/Database/Connection->run('select * from \"...', Array, Object(Closure))
#2 D:/bootstrap workshop/leave-management-system/leave-management-system/vendor/laravel/framework/src/Illuminate/Database/Query/Builder.php(3475): Illuminate/Database/Connection->select('select * from \"...', Array, false)
#3 D:/bootstrap workshop/leave-management-system/leave-management-system/vendor/laravel/framework/src/Illuminate/Database/Query/Builder.php(3460): Illuminate/Database/Query/Builder->runSelect()
#4 D:/bootstrap workshop/leave-management-system/leave-management-system/vendor/laravel/framework/src/Illuminate/Database/Query/Builder.php(4050): Illuminate/Database/Query/Builder->Illuminate/Database/Query/{closure}()
#5 D:/bootstrap workshop/leave-management-system/leave-management-system/vendor/laravel/framework/src/Illuminate/Database/Query/Builder.php(3459): Illuminate/Database/Query/Builder->onceWithColumns(Array, Object(Closure))
#6 D:/bootstrap workshop/leave-management-system/leave-management-system/vendor/laravel/framework/src/Illuminate/Database/Concerns/BuildsQueries.php(366): Illuminate/Database/Query/Builder->get(Array)
#7 D:/bootstrap workshop/leave-management-system/leave-management-system/vendor/laravel/framework/src/Illuminate/Database/Query/Builder.php(3382): Illuminate/Database/Query/Builder->first(Array)
#8 D:/bootstrap workshop/leave-management-system/leave-management-system/vendor/laravel/framework/src/Illuminate/Session/DatabaseSessionHandler.php(96): Illuminate/Database/Query/Builder->find('qF7Izw6vKZ9g70X...')
#9 D:/bootstrap workshop/leave-management-system/leave-management-system/vendor/laravel/framework/src/Illuminate/Session/Store.php(128): Illuminate/Session/DatabaseSessionHandler->read('qF7Izw6vKZ9g70X...')
#10 D:/bootstrap workshop/leave-management-system/leave-management-system/vendor/laravel/framework/src/Illuminate/Session/Store.php(116): Illuminate/Session/Store->readFromHandler()
#11 D:/bootstrap workshop/leave-management-system/leave-management-system/vendor/laravel/framework/src/Illuminate/Session/Store.php(100): Illuminate/Session/Store->loadSession()
#12 D:/bootstrap workshop/leave-management-system/leave-management-system/vendor/laravel/framework/src/Illuminate/Session/Middleware/StartSession.php(146): Illuminate/Session/Store->start()
#13 D:/bootstrap workshop/leave-management-system/leave-management-system/vendor/laravel/framework/src/Illuminate/Support/helpers.php(388): Illuminate/Session/Middleware/StartSession->Illuminate/Session/Middleware/{closure}(Object(Illuminate/Session/Store))
#14 D:/bootstrap workshop/leave-management-system/leave-management-system/vendor/laravel/framework/src/Illuminate/Session/Middleware/StartSession.php(143): tap(Object(Illuminate/Session/Store), Object(Closure))
#15 D:/bootstrap workshop/leave-management-system/leave-management-system/vendor/laravel/framework/src/Illuminate/Session/Middleware/StartSession.php(115): Illuminate/Session/Middleware/StartSession->startSession(Object(Illuminate/Http/Request), Object(Illuminate/Session/Store))
#16 D:/bootstrap workshop/leave-management-system/leave-management-system/vendor/laravel/framework/src/Illuminate/Session/Middleware/StartSession.php(63): Illuminate/Session/Middleware/StartSession->handleStatefulRequest(Object(Illuminate/Http/Request), Object(Illuminate/Session/Store), Object(Closure))
#17 D:/bootstrap workshop/leave-management-system/leave-management-system/vendor/laravel/framework/src/Illuminate/Pipeline/Pipeline.php(219): Illuminate/Session/Middleware/StartSession->handle(Object(Illuminate/Http/Request), Object(Closure))
#18 D:/bootstrap workshop/leave-management-system/leave-management-system/vendor/laravel/framework/src/Illuminate/Cookie/Middleware/AddQueuedCookiesToResponse.php(36): Illuminate/Pipeline/Pipeline->Illuminate/Pipeline/{closure}(Object(Illuminate/Http/Request))
#19 D:/bootstrap workshop/leave-management-system/leave-management-system/vendor/laravel/framework/src/Illuminate/Pipeline/Pipeline.php(219): Illuminate/Cookie/Middleware/AddQueuedCookiesToResponse->handle(Object(Illuminate/Http/Request), Object(Closure))
#20 D:/bootstrap workshop/leave-management-system/leave-management-system/vendor/laravel/framework/src/Illuminate/Cookie/Middleware/EncryptCookies.php(74): Illuminate/Pipeline/Pipeline->Illuminate/Pipeline/{closure}(Object(Illuminate/Http/Request))
#21 D:/bootstrap workshop/leave-management-system/leave-management-system/vendor/laravel/framework/src/Illuminate/Pipeline/Pipeline.php(219): Illuminate/Cookie/Middleware/EncryptCookies->handle(Object(Illuminate/Http/Request), Object(Closure))
#22 D:/bootstrap workshop/leave-management-system/leave-management-system/vendor/laravel/framework/src/Illuminate/Pipeline/Pipeline.php(137): Illuminate/Pipeline/Pipeline->Illuminate/Pipeline/{closure}(Object(Illuminate/Http/Request))
#23 D:/bootstrap workshop/leave-management-system/leave-management-system/vendor/laravel/framework/src/Illuminate/Routing/Router.php(821): Illuminate/Pipeline/Pipeline->then(Object(Closure))
#24 D:/bootstrap workshop/leave-management-system/leave-management-system/vendor/laravel/framework/src/Illuminate/Routing/Router.php(800): Illuminate/Routing/Router->runRouteWithinStack(Object(Illuminate/Routing/Route), Object(Illuminate/Http/Request))
#25 D:/bootstrap workshop/leave-management-system/leave-management-system/vendor/laravel/framework/src/Illuminate/Routing/Router.php(764): Illuminate/Routing/Router->runRoute(Object(Illuminate/Http/Request), Object(Illuminate/Routing/Route))
#26 D:/bootstrap workshop/leave-management-system/leave-management-system/vendor/laravel/framework/src/Illuminate/Routing/Router.php(753): Illuminate/Routing/Router->dispatchToRoute(Object(Illuminate/Http/Request))
#27 D:/bootstrap workshop/leave-management-system/leave-management-system/vendor/laravel/framework/src/Illuminate/Foundation/Http/Kernel.php(200): Illuminate/Routing/Router->dispatch(Object(Illuminate/Http/Request))
#28 D:/bootstrap workshop/leave-management-system/leave-management-system/vendor/laravel/framework/src/Illuminate/Pipeline/Pipeline.php(180): Illuminate/Foundation/Http/Kernel->Illuminate/Foundation/Http/{closure}(Object(Illuminate/Http/Request))
#29 D:/bootstrap workshop/leave-management-system/leave-management-system/vendor/laravel/framework/src/Illuminate/Foundation/Http/Middleware/TransformsRequest.php(21): Illuminate/Pipeline/Pipeline->Illuminate/Pipeline/{closure}(Object(Illuminate/Http/Request))
#30 D:/bootstrap workshop/leave-management-system/leave-management-system/vendor/laravel/framework/src/Illuminate/Foundation/Http/Middleware/ConvertEmptyStringsToNull.php(31): Illuminate/Foundation/Http/Middleware/TransformsRequest->handle(Object(Illuminate/Http/Request), Object(Closure))
#31 D:/bootstrap workshop/leave-management-system/leave-management-system/vendor/laravel/framework/src/Illuminate/Pipeline/Pipeline.php(219): Illuminate/Foundation/Http/Middleware/ConvertEmptyStringsToNull->handle(Object(Illuminate/Http/Request), Object(Closure))
#32 D:/bootstrap workshop/leave-management-system/leave-management-system/vendor/laravel/framework/src/Illuminate/Foundation/Http/Middleware/TransformsRequest.php(21): Illuminate/Pipeline/Pipeline->Illuminate/Pipeline/{closure}(Object(Illuminate/Http/Request))
#33 D:/bootstrap workshop/leave-management-system/leave-management-system/vendor/laravel/framework/src/Illuminate/Foundation/Http/Middleware/TrimStrings.php(51): Illuminate/Foundation/Http/Middleware/TransformsRequest->handle(Object(Illuminate/Http/Request), Object(Closure))
#34 D:/bootstrap workshop/leave-management-system/leave-management-system/vendor/laravel/framework/src/Illuminate/Pipeline/Pipeline.php(219): Illuminate/Foundation/Http/Middleware/TrimStrings->handle(Object(Illuminate/Http/Request), Object(Closure))
#35 D:/bootstrap workshop/leave-management-system/leave-management-system/vendor/laravel/framework/src/Illuminate/Http/Middleware/ValidatePostSize.php(27): Illuminate/Pipeline/Pipeline->Illuminate/Pipeline/{closure}(Object(Illuminate/Http/Request))
#36 D:/bootstrap workshop/leave-management-system/leave-management-system/vendor/laravel/framework/src/Illuminate/Pipeline/Pipeline.php(219): Illuminate/Http/Middleware/ValidatePostSize->handle(Object(Illuminate/Http/Request), Object(Closure))
#37 D:/bootstrap workshop/leave-management-system/leave-management-system/vendor/laravel/framework/src/Illuminate/Foundation/Http/Middleware/PreventRequestsDuringMaintenance.php(109): Illuminate/Pipeline/Pipeline->Illuminate/Pipeline/{closure}(Object(Illuminate/Http/Request))
#38 D:/bootstrap workshop/leave-management-system/leave-management-system/vendor/laravel/framework/src/Illuminate/Pipeline/Pipeline.php(219): Illuminate/Foundation/Http/Middleware/PreventRequestsDuringMaintenance->handle(Object(Illuminate/Http/Request), Object(Closure))
#39 D:/bootstrap workshop/leave-management-system/leave-management-system/vendor/laravel/framework/src/Illuminate/Http/Middleware/HandleCors.php(61): Illuminate/Pipeline/Pipeline->Illuminate/Pipeline/{closure}(Object(Illuminate/Http/Request))
#40 D:/bootstrap workshop/leave-management-system/leave-management-system/vendor/laravel/framework/src/Illuminate/Pipeline/Pipeline.php(219): Illuminate/Http/Middleware/HandleCors->handle(Object(Illuminate/Http/Request), Object(Closure))
#41 D:/bootstrap workshop/leave-management-system/leave-management-system/vendor/laravel/framework/src/Illuminate/Http/Middleware/TrustProxies.php(58): Illuminate/Pipeline/Pipeline->Illuminate/Pipeline/{closure}(Object(Illuminate/Http/Request))
#42 D:/bootstrap workshop/leave-management-system/leave-management-system/vendor/laravel/framework/src/Illuminate/Pipeline/Pipeline.php(219): Illuminate/Http/Middleware/TrustProxies->handle(Object(Illuminate/Http/Request), Object(Closure))
#43 D:/bootstrap workshop/leave-management-system/leave-management-system/vendor/laravel/framework/src/Illuminate/Foundation/Http/Middleware/InvokeDeferredCallbacks.php(22): Illuminate/Pipeline/Pipeline->Illuminate/Pipeline/{closure}(Object(Illuminate/Http/Request))
#44 D:/bootstrap workshop/leave-management-system/leave-management-system/vendor/laravel/framework/src/Illuminate/Pipeline/Pipeline.php(219): Illuminate/Foundation/Http/Middleware/InvokeDeferredCallbacks->handle(Object(Illuminate/Http/Request), Object(Closure))
#45 D:/bootstrap workshop/leave-management-system/leave-management-system/vendor/laravel/framework/src/Illuminate/Http/Middleware/ValidatePathEncoding.php(26): Illuminate/Pipeline/Pipeline->Illuminate/Pipeline/{closure}(Object(Illuminate/Http/Request))
#46 D:/bootstrap workshop/leave-management-system/leave-management-system/vendor/laravel/framework/src/Illuminate/Pipeline/Pipeline.php(219): Illuminate/Http/Middleware/ValidatePathEncoding->handle(Object(Illuminate/Http/Request), Object(Closure))
#47 D:/bootstrap workshop/leave-management-system/leave-management-system/vendor/laravel/framework/src/Illuminate/Pipeline/Pipeline.php(137): Illuminate/Pipeline/Pipeline->Illuminate/Pipeline/{closure}(Object(Illuminate/Http/Request))
#48 D:/bootstrap workshop/leave-management-system/leave-management-system/vendor/laravel/framework/src/Illuminate/Foundation/Http/Kernel.php(175): Illuminate/Pipeline/Pipeline->then(Object(Closure))
#49 D:/bootstrap workshop/leave-management-system/leave-management-system/vendor/laravel/framework/src/Illuminate/Foundation/Http/Kernel.php(144): Illuminate/Foundation/Http/Kernel->sendRequestThroughRouter(Object(Illuminate/Http/Request))
#50 D:/bootstrap workshop/leave-management-system/leave-management-system/vendor/laravel/framework/src/Illuminate/Foundation/Application.php(1220): Illuminate/Foundation/Http/Kernel->handle(Object(Illuminate/Http/Request))
#51 D:/bootstrap workshop/leave-management-system/leave-management-system/public/index.php(20): Illuminate/Foundation/Application->handleRequest(Object(Illuminate/Http/Request))
#52 D:/bootstrap workshop/leave-management-system/leave-management-system/vendor/laravel/framework/src/Illuminate/Foundation/resources/server.php(23): require_once('D://bootstrap wo...')
#53 {main}

[previous exception] [object] (Illuminate\\Database\\SQLiteDatabaseDoesNotExistException(code: 0): Database file at path [D:\\bootstrap workshop\\leave-management-system\\leave-management-system\\database\\database.sqlite] does not exist. Ensure this is an absolute path to the database. at D:/bootstrap workshop/leave-management-system/leave-management-system/vendor/laravel/framework/src/Illuminate/Database/Connectors/SQLiteConnector.php:60)
[stacktrace]
#0 D:/bootstrap workshop/leave-management-system/leave-management-system/vendor/laravel/framework/src/Illuminate/Database/Connectors/SQLiteConnector.php(19): Illuminate/Database/Connectors/SQLiteConnector->parseDatabasePath(false)
#1 D:/bootstrap workshop/leave-management-system/leave-management-system/vendor/laravel/framework/src/Illuminate/Database/Connectors/ConnectionFactory.php(225): Illuminate/Database/Connectors/SQLiteConnector->connect(Array)
#2 [internal function]: Illuminate/Database/Connectors/ConnectionFactory->Illuminate/Database/Connectors/{closure}()
#3 D:/bootstrap workshop/leave-management-system/leave-management-system/vendor/laravel/framework/src/Illuminate/Database/Connection.php(1257): call_user_func(Object(Closure))
#4 D:/bootstrap workshop/leave-management-system/leave-management-system/vendor/laravel/framework/src/Illuminate/Database/Connection.php(525): Illuminate/Database/Connection->getPdo()
#5 D:/bootstrap workshop/leave-management-system/leave-management-system/vendor/laravel/framework/src/Illuminate/Database/Connection.php(420): Illuminate/Database/Connection->getPdoForSelect(false)
#6 D:/bootstrap workshop/leave-management-system/leave-management-system/vendor/laravel/framework/src/Illuminate/Database/Connection.php(827): Illuminate/Database/Connection->Illuminate/Database/{closure}('select * from \"...', Array)
#7 D:/bootstrap workshop/leave-management-system/leave-management-system/vendor/laravel/framework/src/Illuminate/Database/Connection.php(794): Illuminate/Database/Connection->runQueryCallback('select * from \"...', Array, Object(Closure))
#8 D:/bootstrap workshop/leave-management-system/leave-management-system/vendor/laravel/framework/src/Illuminate/Database/Connection.php(411): Illuminate/Database/Connection->run('select * from \"...', Array, Object(Closure))
#9 D:/bootstrap workshop/leave-management-system/leave-management-system/vendor/laravel/framework/src/Illuminate/Database/Query/Builder.php(3475): Illuminate/Database/Connection->select('select * from \"...', Array, false)
#10 D:/bootstrap workshop/leave-management-system/leave-management-system/vendor/laravel/framework/src/Illuminate/Database/Query/Builder.php(3460): Illuminate/Database/Query/Builder->runSelect()
#11 D:/bootstrap workshop/leave-management-system/leave-management-system/vendor/laravel/framework/src/Illuminate/Database/Query/Builder.php(4050): Illuminate/Database/Query/Builder->Illuminate/Database/Query/{closure}()
#12 D:/bootstrap workshop/leave-management-system/leave-management-system/vendor/laravel/framework/src/Illuminate/Database/Query/Builder.php(3459): Illuminate/Database/Query/Builder->onceWithColumns(Array, Object(Closure))
#13 D:/bootstrap workshop/leave-management-system/leave-management-system/vendor/laravel/framework/src/Illuminate/Database/Concerns/BuildsQueries.php(366): Illuminate/Database/Query/Builder->get(Array)
#14 D:/bootstrap workshop/leave-management-system/leave-management-system/vendor/laravel/framework/src/Illuminate/Database/Query/Builder.php(3382): Illuminate/Database/Query/Builder->first(Array)
#15 D:/bootstrap workshop/leave-management-system/leave-management-system/vendor/laravel/framework/src/Illuminate/Session/DatabaseSessionHandler.php(96): Illuminate/Database/Query/Builder->find('qF7Izw6vKZ9g70X...')
#16 D:/bootstrap workshop/leave-management-system/leave-management-system/vendor/laravel/framework/src/Illuminate/Session/Store.php(128): Illuminate/Session/DatabaseSessionHandler->read('qF7Izw6vKZ9g70X...')
#17 D:/bootstrap workshop/leave-management-system/leave-management-system/vendor/laravel/framework/src/Illuminate/Session/Store.php(116): Illuminate/Session/Store->readFromHandler()
#18 D:/bootstrap workshop/leave-management-system/leave-management-system/vendor/laravel/framework/src/Illuminate/Session/Store.php(100): Illuminate/Session/Store->loadSession()
#19 D:/bootstrap workshop/leave-management-system/leave-management-system/vendor/laravel/framework/src/Illuminate/Session/Middleware/StartSession.php(146): Illuminate/Session/Store->start()
#20 D:/bootstrap workshop/leave-management-system/leave-management-system/vendor/laravel/framework/src/Illuminate/Support/helpers.php(388): Illuminate/Session/Middleware/StartSession->Illuminate/Session/Middleware/{closure}(Object(Illuminate/Session/Store))
#21 D:/bootstrap workshop/leave-management-system/leave-management-system/vendor/laravel/framework/src/Illuminate/Session/Middleware/StartSession.php(143): tap(Object(Illuminate/Session/Store), Object(Closure))
#22 D:/bootstrap workshop/leave-management-system/leave-management-system/vendor/laravel/framework/src/Illuminate/Session/Middleware/StartSession.php(115): Illuminate/Session/Middleware/StartSession->startSession(Object(Illuminate/Http/Request), Object(Illuminate/Session/Store))
#23 D:/bootstrap workshop/leave-management-system/leave-management-system/vendor/laravel/framework/src/Illuminate/Session/Middleware/StartSession.php(63): Illuminate/Session/Middleware/StartSession->handleStatefulRequest(Object(Illuminate/Http/Request), Object(Illuminate/Session/Store), Object(Closure))
#24 D:/bootstrap workshop/leave-management-system/leave-management-system/vendor/laravel/framework/src/Illuminate/Pipeline/Pipeline.php(219): Illuminate/Session/Middleware/StartSession->handle(Object(Illuminate/Http/Request), Object(Closure))
#25 D:/bootstrap workshop/leave-management-system/leave-management-system/vendor/laravel/framework/src/Illuminate/Cookie/Middleware/AddQueuedCookiesToResponse.php(36): Illuminate/Pipeline/Pipeline->Illuminate/Pipeline/{closure}(Object(Illuminate/Http/Request))
#26 D:/bootstrap workshop/leave-management-system/leave-management-system/vendor/laravel/framework/src/Illuminate/Pipeline/Pipeline.php(219): Illuminate/Cookie/Middleware/AddQueuedCookiesToResponse->handle(Object(Illuminate/Http/Request), Object(Closure))
#27 D:/bootstrap workshop/leave-management-system/leave-management-system/vendor/laravel/framework/src/Illuminate/Cookie/Middleware/EncryptCookies.php(74): Illuminate/Pipeline/Pipeline->Illuminate/Pipeline/{closure}(Object(Illuminate/Http/Request))
#28 D:/bootstrap workshop/leave-management-system/leave-management-system/vendor/laravel/framework/src/Illuminate/Pipeline/Pipeline.php(219): Illuminate/Cookie/Middleware/EncryptCookies->handle(Object(Illuminate/Http/Request), Object(Closure))
#29 D:/bootstrap workshop/leave-management-system/leave-management-system/vendor/laravel/framework/src/Illuminate/Pipeline/Pipeline.php(137): Illuminate/Pipeline/Pipeline->Illuminate/Pipeline/{closure}(Object(Illuminate/Http/Request))
#30 D:/bootstrap workshop/leave-management-system/leave-management-system/vendor/laravel/framework/src/Illuminate/Routing/Router.php(821): Illuminate/Pipeline/Pipeline->then(Object(Closure))
#31 D:/bootstrap workshop/leave-management-system/leave-management-system/vendor/laravel/framework/src/Illuminate/Routing/Router.php(800): Illuminate/Routing/Router->runRouteWithinStack(Object(Illuminate/Routing/Route), Object(Illuminate/Http/Request))
#32 D:/bootstrap workshop/leave-management-system/leave-management-system/vendor/laravel/framework/src/Illuminate/Routing/Router.php(764): Illuminate/Routing/Router->runRoute(Object(Illuminate/Http/Request), Object(Illuminate/Routing/Route))
#33 D:/bootstrap workshop/leave-management-system/leave-management-system/vendor/laravel/framework/src/Illuminate/Routing/Router.php(753): Illuminate/Routing/Router->dispatchToRoute(Object(Illuminate/Http/Request))
#34 D:/bootstrap workshop/leave-management-system/leave-management-system/vendor/laravel/framework/src/Illuminate/Foundation/Http/Kernel.php(200): Illuminate/Routing/Router->dispatch(Object(Illuminate/Http/Request))
#35 D:/bootstrap workshop/leave-management-system/leave-management-system/vendor/laravel/framework/src/Illuminate/Pipeline/Pipeline.php(180): Illuminate/Foundation/Http/Kernel->Illuminate/Foundation/Http/{closure}(Object(Illuminate/Http/Request))
#36 D:/bootstrap workshop/leave-management-system/leave-management-system/vendor/laravel/framework/src/Illuminate/Foundation/Http/Middleware/TransformsRequest.php(21): Illuminate/Pipeline/Pipeline->Illuminate/Pipeline/{closure}(Object(Illuminate/Http/Request))
#37 D:/bootstrap workshop/leave-management-system/leave-management-system/vendor/laravel/framework/src/Illuminate/Foundation/Http/Middleware/ConvertEmptyStringsToNull.php(31): Illuminate/Foundation/Http/Middleware/TransformsRequest->handle(Object(Illuminate/Http/Request), Object(Closure))
#38 D:/bootstrap workshop/leave-management-system/leave-management-system/vendor/laravel/framework/src/Illuminate/Pipeline/Pipeline.php(219): Illuminate/Foundation/Http/Middleware/ConvertEmptyStringsToNull->handle(Object(Illuminate/Http/Request), Object(Closure))
#39 D:/bootstrap workshop/leave-management-system/leave-management-system/vendor/laravel/framework/src/Illuminate/Foundation/Http/Middleware/TransformsRequest.php(21): Illuminate/Pipeline/Pipeline->Illuminate/Pipeline/{closure}(Object(Illuminate/Http/Request))
#40 D:/bootstrap workshop/leave-management-system/leave-management-system/vendor/laravel/framework/src/Illuminate/Foundation/Http/Middleware/TrimStrings.php(51): Illuminate/Foundation/Http/Middleware/TransformsRequest->handle(Object(Illuminate/Http/Request), Object(Closure))
#41 D:/bootstrap workshop/leave-management-system/leave-management-system/vendor/laravel/framework/src/Illuminate/Pipeline/Pipeline.php(219): Illuminate/Foundation/Http/Middleware/TrimStrings->handle(Object(Illuminate/Http/Request), Object(Closure))
#42 D:/bootstrap workshop/leave-management-system/leave-management-system/vendor/laravel/framework/src/Illuminate/Http/Middleware/ValidatePostSize.php(27): Illuminate/Pipeline/Pipeline->Illuminate/Pipeline/{closure}(Object(Illuminate/Http/Request))
#43 D:/bootstrap workshop/leave-management-system/leave-management-system/vendor/laravel/framework/src/Illuminate/Pipeline/Pipeline.php(219): Illuminate/Http/Middleware/ValidatePostSize->handle(Object(Illuminate/Http/Request), Object(Closure))
#44 D:/bootstrap workshop/leave-management-system/leave-management-system/vendor/laravel/framework/src/Illuminate/Foundation/Http/Middleware/PreventRequestsDuringMaintenance.php(109): Illuminate/Pipeline/Pipeline->Illuminate/Pipeline/{closure}(Object(Illuminate/Http/Request))
#45 D:/bootstrap workshop/leave-management-system/leave-management-system/vendor/laravel/framework/src/Illuminate/Pipeline/Pipeline.php(219): Illuminate/Foundation/Http/Middleware/PreventRequestsDuringMaintenance->handle(Object(Illuminate/Http/Request), Object(Closure))
#46 D:/bootstrap workshop/leave-management-system/leave-management-system/vendor/laravel/framework/src/Illuminate/Http/Middleware/HandleCors.php(61): Illuminate/Pipeline/Pipeline->Illuminate/Pipeline/{closure}(Object(Illuminate/Http/Request))
#47 D:/bootstrap workshop/leave-management-system/leave-management-system/vendor/laravel/framework/src/Illuminate/Pipeline/Pipeline.php(219): Illuminate/Http/Middleware/HandleCors->handle(Object(Illuminate/Http/Request), Object(Closure))
#48 D:/bootstrap workshop/leave-management-system/leave-management-system/vendor/laravel/framework/src/Illuminate/Http/Middleware/TrustProxies.php(58): Illuminate/Pipeline/Pipeline->Illuminate/Pipeline/{closure}(Object(Illuminate/Http/Request))
#49 D:/bootstrap workshop/leave-management-system/leave-management-system/vendor/laravel/framework/src/Illuminate/Pipeline/Pipeline.php(219): Illuminate/Http/Middleware/TrustProxies->handle(Object(Illuminate/Http/Request), Object(Closure))
#50 D:/bootstrap workshop/leave-management-system/leave-management-system/vendor/laravel/framework/src/Illuminate/Foundation/Http/Middleware/InvokeDeferredCallbacks.php(22): Illuminate/Pipeline/Pipeline->Illuminate/Pipeline/{closure}(Object(Illuminate/Http/Request))
#51 D:/bootstrap workshop/leave-management-system/leave-management-system/vendor/laravel/framework/src/Illuminate/Pipeline/Pipeline.php(219): Illuminate/Foundation/Http/Middleware/InvokeDeferredCallbacks->handle(Object(Illuminate/Http/Request), Object(Closure))
#52 D:/bootstrap workshop/leave-management-system/leave-management-system/vendor/laravel/framework/src/Illuminate/Http/Middleware/ValidatePathEncoding.php(26): Illuminate/Pipeline/Pipeline->Illuminate/Pipeline/{closure}(Object(Illuminate/Http/Request))
#53 D:/bootstrap workshop/leave-management-system/leave-management-system/vendor/laravel/framework/src/Illuminate/Pipeline/Pipeline.php(219): Illuminate/Http/Middleware/ValidatePathEncoding->handle(Object(Illuminate/Http/Request), Object(Closure))
#54 D:/bootstrap workshop/leave-management-system/leave-management-system/vendor/laravel/framework/src/Illuminate/Pipeline/Pipeline.php(137): Illuminate/Pipeline/Pipeline->Illuminate/Pipeline/{closure}(Object(Illuminate/Http/Request))
#55 D:/bootstrap workshop/leave-management-system/leave-management-system/vendor/laravel/framework/src/Illuminate/Foundation/Http/Kernel.php(175): Illuminate/Pipeline/Pipeline->then(Object(Closure))
#56 D:/bootstrap workshop/leave-management-system/leave-management-system/vendor/laravel/framework/src/Illuminate/Foundation/Http/Kernel.php(144): Illuminate/Foundation/Http/Kernel->sendRequestThroughRouter(Object(Illuminate/Http/Request))
#57 D:/bootstrap workshop/leave-management-system/leave-management-system/vendor/laravel/framework/src/Illuminate/Foundation/Application.php(1220): Illuminate/Foundation/Http/Kernel->handle(Object(Illuminate/Http/Request))
#58 D:/bootstrap workshop/leave-management-system/leave-management-system/public/index.php(20): Illuminate/Foundation/Application->handleRequest(Object(Illuminate/Http/Request))
#59 D:/bootstrap workshop/leave-management-system/leave-management-system/vendor/laravel/framework/src/Illuminate/Foundation/resources/server.php(23): require_once('D://bootstrap wo...')
#60 {main}
"} 
[2026-03-26 09:06:17] local.ERROR: Database file at path [D:\bootstrap workshop\leave-management-system\leave-management-system\database\database.sqlite] does not exist. Ensure this is an absolute path to the database. (Connection: sqlite, Database: D:\bootstrap workshop\leave-management-system\leave-management-system\database\database.sqlite, SQL: select * from "sessions" where "id" = RNCNHbtjFMWH99OwTndTC0a96gW2Bg0xFnOI5nR6 limit 1) {"exception":"[object] (Illuminate\\Database\\QueryException(code: 0): Database file at path [D:\\bootstrap workshop\\leave-management-system\\leave-management-system\\database\\database.sqlite] does not exist. Ensure this is an absolute path to the database. (Connection: sqlite, Database: D:\\bootstrap workshop\\leave-management-system\\leave-management-system\\database\\database.sqlite, SQL: select * from \"sessions\" where \"id\" = RNCNHbtjFMWH99OwTndTC0a96gW2Bg0xFnOI5nR6 limit 1) at D:/bootstrap workshop/leave-management-system/leave-management-system/vendor/laravel/framework/src/Illuminate/Database/Connection.php:838)
[stacktrace]
#0 D:/bootstrap workshop/leave-management-system/leave-management-system/vendor/laravel/framework/src/Illuminate/Database/Connection.php(794): Illuminate/Database/Connection->runQueryCallback('select * from \"...', Array, Object(Closure))
#1 D:/bootstrap workshop/leave-management-system/leave-management-system/vendor/laravel/framework/src/Illuminate/Database/Connection.php(411): Illuminate/Database/Connection->run('select * from \"...', Array, Object(Closure))
#2 D:/bootstrap workshop/leave-management-system/leave-management-system/vendor/laravel/framework/src/Illuminate/Database/Query/Builder.php(3475): Illuminate/Database/Connection->select('select * from \"...', Array, false)
#3 D:/bootstrap workshop/leave-management-system/leave-management-system/vendor/laravel/framework/src/Illuminate/Database/Query/Builder.php(3460): Illuminate/Database/Query/Builder->runSelect()
#4 D:/bootstrap workshop/leave-management-system/leave-management-system/vendor/laravel/framework/src/Illuminate/Database/Query/Builder.php(4050): Illuminate/Database/Query/Builder->Illuminate/Database/Query/{closure}()
#5 D:/bootstrap workshop/leave-management-system/leave-management-system/vendor/laravel/framework/src/Illuminate/Database/Query/Builder.php(3459): Illuminate/Database/Query/Builder->onceWithColumns(Array, Object(Closure))
#6 D:/bootstrap workshop/leave-management-system/leave-management-system/vendor/laravel/framework/src/Illuminate/Database/Concerns/BuildsQueries.php(366): Illuminate/Database/Query/Builder->get(Array)
#7 D:/bootstrap workshop/leave-management-system/leave-management-system/vendor/laravel/framework/src/Illuminate/Database/Query/Builder.php(3382): Illuminate/Database/Query/Builder->first(Array)
#8 D:/bootstrap workshop/leave-management-system/leave-management-system/vendor/laravel/framework/src/Illuminate/Session/DatabaseSessionHandler.php(96): Illuminate/Database/Query/Builder->find('RNCNHbtjFMWH99O...')
#9 D:/bootstrap workshop/leave-management-system/leave-management-system/vendor/laravel/framework/src/Illuminate/Session/Store.php(128): Illuminate/Session/DatabaseSessionHandler->read('RNCNHbtjFMWH99O...')
#10 D:/bootstrap workshop/leave-management-system/leave-management-system/vendor/laravel/framework/src/Illuminate/Session/Store.php(116): Illuminate/Session/Store->readFromHandler()
#11 D:/bootstrap workshop/leave-management-system/leave-management-system/vendor/laravel/framework/src/Illuminate/Session/Store.php(100): Illuminate/Session/Store->loadSession()
#12 D:/bootstrap workshop/leave-management-system/leave-management-system/vendor/laravel/framework/src/Illuminate/Session/Middleware/StartSession.php(146): Illuminate/Session/Store->start()
#13 D:/bootstrap workshop/leave-management-system/leave-management-system/vendor/laravel/framework/src/Illuminate/Support/helpers.php(388): Illuminate/Session/Middleware/StartSession->Illuminate/Session/Middleware/{closure}(Object(Illuminate/Session/Store))
#14 D:/bootstrap workshop/leave-management-system/leave-management-system/vendor/laravel/framework/src/Illuminate/Session/Middleware/StartSession.php(143): tap(Object(Illuminate/Session/Store), Object(Closure))
#15 D:/bootstrap workshop/leave-management-system/leave-management-system/vendor/laravel/framework/src/Illuminate/Session/Middleware/StartSession.php(115): Illuminate/Session/Middleware/StartSession->startSession(Object(Illuminate/Http/Request), Object(Illuminate/Session/Store))
#16 D:/bootstrap workshop/leave-management-system/leave-management-system/vendor/laravel/framework/src/Illuminate/Session/Middleware/StartSession.php(63): Illuminate/Session/Middleware/StartSession->handleStatefulRequest(Object(Illuminate/Http/Request), Object(Illuminate/Session/Store), Object(Closure))
#17 D:/bootstrap workshop/leave-management-system/leave-management-system/vendor/laravel/framework/src/Illuminate/Pipeline/Pipeline.php(219): Illuminate/Session/Middleware/StartSession->handle(Object(Illuminate/Http/Request), Object(Closure))
#18 D:/bootstrap workshop/leave-management-system/leave-management-system/vendor/laravel/framework/src/Illuminate/Cookie/Middleware/AddQueuedCookiesToResponse.php(36): Illuminate/Pipeline/Pipeline->Illuminate/Pipeline/{closure}(Object(Illuminate/Http/Request))
#19 D:/bootstrap workshop/leave-management-system/leave-management-system/vendor/laravel/framework/src/Illuminate/Pipeline/Pipeline.php(219): Illuminate/Cookie/Middleware/AddQueuedCookiesToResponse->handle(Object(Illuminate/Http/Request), Object(Closure))
#20 D:/bootstrap workshop/leave-management-system/leave-management-system/vendor/laravel/framework/src/Illuminate/Cookie/Middleware/EncryptCookies.php(74): Illuminate/Pipeline/Pipeline->Illuminate/Pipeline/{closure}(Object(Illuminate/Http/Request))
#21 D:/bootstrap workshop/leave-management-system/leave-management-system/vendor/laravel/framework/src/Illuminate/Pipeline/Pipeline.php(219): Illuminate/Cookie/Middleware/EncryptCookies->handle(Object(Illuminate/Http/Request), Object(Closure))
#22 D:/bootstrap workshop/leave-management-system/leave-management-system/vendor/laravel/framework/src/Illuminate/Pipeline/Pipeline.php(137): Illuminate/Pipeline/Pipeline->Illuminate/Pipeline/{closure}(Object(Illuminate/Http/Request))
#23 D:/bootstrap workshop/leave-management-system/leave-management-system/vendor/laravel/framework/src/Illuminate/Routing/Router.php(821): Illuminate/Pipeline/Pipeline->then(Object(Closure))
#24 D:/bootstrap workshop/leave-management-system/leave-management-system/vendor/laravel/framework/src/Illuminate/Routing/Router.php(800): Illuminate/Routing/Router->runRouteWithinStack(Object(Illuminate/Routing/Route), Object(Illuminate/Http/Request))
#25 D:/bootstrap workshop/leave-management-system/leave-management-system/vendor/laravel/framework/src/Illuminate/Routing/Router.php(764): Illuminate/Routing/Router->runRoute(Object(Illuminate/Http/Request), Object(Illuminate/Routing/Route))
#26 D:/bootstrap workshop/leave-management-system/leave-management-system/vendor/laravel/framework/src/Illuminate/Routing/Router.php(753): Illuminate/Routing/Router->dispatchToRoute(Object(Illuminate/Http/Request))
#27 D:/bootstrap workshop/leave-management-system/leave-management-system/vendor/laravel/framework/src/Illuminate/Foundation/Http/Kernel.php(200): Illuminate/Routing/Router->dispatch(Object(Illuminate/Http/Request))
#28 D:/bootstrap workshop/leave-management-system/leave-management-system/vendor/laravel/framework/src/Illuminate/Pipeline/Pipeline.php(180): Illuminate/Foundation/Http/Kernel->Illuminate/Foundation/Http/{closure}(Object(Illuminate/Http/Request))
#29 D:/bootstrap workshop/leave-management-system/leave-management-system/vendor/laravel/framework/src/Illuminate/Foundation/Http/Middleware/TransformsRequest.php(21): Illuminate/Pipeline/Pipeline->Illuminate/Pipeline/{closure}(Object(Illuminate/Http/Request))
#30 D:/bootstrap workshop/leave-management-system/leave-management-system/vendor/laravel/framework/src/Illuminate/Foundation/Http/Middleware/ConvertEmptyStringsToNull.php(31): Illuminate/Foundation/Http/Middleware/TransformsRequest->handle(Object(Illuminate/Http/Request), Object(Closure))
#31 D:/bootstrap workshop/leave-management-system/leave-management-system/vendor/laravel/framework/src/Illuminate/Pipeline/Pipeline.php(219): Illuminate/Foundation/Http/Middleware/ConvertEmptyStringsToNull->handle(Object(Illuminate/Http/Request), Object(Closure))
#32 D:/bootstrap workshop/leave-management-system/leave-management-system/vendor/laravel/framework/src/Illuminate/Foundation/Http/Middleware/TransformsRequest.php(21): Illuminate/Pipeline/Pipeline->Illuminate/Pipeline/{closure}(Object(Illuminate/Http/Request))
#33 D:/bootstrap workshop/leave-management-system/leave-management-system/vendor/laravel/framework/src/Illuminate/Foundation/Http/Middleware/TrimStrings.php(51): Illuminate/Foundation/Http/Middleware/TransformsRequest->handle(Object(Illuminate/Http/Request), Object(Closure))
#34 D:/bootstrap workshop/leave-management-system/leave-management-system/vendor/laravel/framework/src/Illuminate/Pipeline/Pipeline.php(219): Illuminate/Foundation/Http/Middleware/TrimStrings->handle(Object(Illuminate/Http/Request), Object(Closure))
#35 D:/bootstrap workshop/leave-management-system/leave-management-system/vendor/laravel/framework/src/Illuminate/Http/Middleware/ValidatePostSize.php(27): Illuminate/Pipeline/Pipeline->Illuminate/Pipeline/{closure}(Object(Illuminate/Http/Request))
#36 D:/bootstrap workshop/leave-management-system/leave-management-system/vendor/laravel/framework/src/Illuminate/Pipeline/Pipeline.php(219): Illuminate/Http/Middleware/ValidatePostSize->handle(Object(Illuminate/Http/Request), Object(Closure))
#37 D:/bootstrap workshop/leave-management-system/leave-management-system/vendor/laravel/framework/src/Illuminate/Foundation/Http/Middleware/PreventRequestsDuringMaintenance.php(109): Illuminate/Pipeline/Pipeline->Illuminate/Pipeline/{closure}(Object(Illuminate/Http/Request))
#38 D:/bootstrap workshop/leave-management-system/leave-management-system/vendor/laravel/framework/src/Illuminate/Pipeline/Pipeline.php(219): Illuminate/Foundation/Http/Middleware/PreventRequestsDuringMaintenance->handle(Object(Illuminate/Http/Request), Object(Closure))
#39 D:/bootstrap workshop/leave-management-system/leave-management-system/vendor/laravel/framework/src/Illuminate/Http/Middleware/HandleCors.php(61): Illuminate/Pipeline/Pipeline->Illuminate/Pipeline/{closure}(Object(Illuminate/Http/Request))
#40 D:/bootstrap workshop/leave-management-system/leave-management-system/vendor/laravel/framework/src/Illuminate/Pipeline/Pipeline.php(219): Illuminate/Http/Middleware/HandleCors->handle(Object(Illuminate/Http/Request), Object(Closure))
#41 D:/bootstrap workshop/leave-management-system/leave-management-system/vendor/laravel/framework/src/Illuminate/Http/Middleware/TrustProxies.php(58): Illuminate/Pipeline/Pipeline->Illuminate/Pipeline/{closure}(Object(Illuminate/Http/Request))
#42 D:/bootstrap workshop/leave-management-system/leave-management-system/vendor/laravel/framework/src/Illuminate/Pipeline/Pipeline.php(219): Illuminate/Http/Middleware/TrustProxies->handle(Object(Illuminate/Http/Request), Object(Closure))
#43 D:/bootstrap workshop/leave-management-system/leave-management-system/vendor/laravel/framework/src/Illuminate/Foundation/Http/Middleware/InvokeDeferredCallbacks.php(22): Illuminate/Pipeline/Pipeline->Illuminate/Pipeline/{closure}(Object(Illuminate/Http/Request))
#44 D:/bootstrap workshop/leave-management-system/leave-management-system/vendor/laravel/framework/src/Illuminate/Pipeline/Pipeline.php(219): Illuminate/Foundation/Http/Middleware/InvokeDeferredCallbacks->handle(Object(Illuminate/Http/Request), Object(Closure))
#45 D:/bootstrap workshop/leave-management-system/leave-management-system/vendor/laravel/framework/src/Illuminate/Http/Middleware/ValidatePathEncoding.php(26): Illuminate/Pipeline/Pipeline->Illuminate/Pipeline/{closure}(Object(Illuminate/Http/Request))
#46 D:/bootstrap workshop/leave-management-system/leave-management-system/vendor/laravel/framework/src/Illuminate/Pipeline/Pipeline.php(219): Illuminate/Http/Middleware/ValidatePathEncoding->handle(Object(Illuminate/Http/Request), Object(Closure))
#47 D:/bootstrap workshop/leave-management-system/leave-management-system/vendor/laravel/framework/src/Illuminate/Pipeline/Pipeline.php(137): Illuminate/Pipeline/Pipeline->Illuminate/Pipeline/{closure}(Object(Illuminate/Http/Request))
#48 D:/bootstrap workshop/leave-management-system/leave-management-system/vendor/laravel/framework/src/Illuminate/Foundation/Http/Kernel.php(175): Illuminate/Pipeline/Pipeline->then(Object(Closure))
#49 D:/bootstrap workshop/leave-management-system/leave-management-system/vendor/laravel/framework/src/Illuminate/Foundation/Http/Kernel.php(144): Illuminate/Foundation/Http/Kernel->sendRequestThroughRouter(Object(Illuminate/Http/Request))
#50 D:/bootstrap workshop/leave-management-system/leave-management-system/vendor/laravel/framework/src/Illuminate/Foundation/Application.php(1220): Illuminate/Foundation/Http/Kernel->handle(Object(Illuminate/Http/Request))
#51 D:/bootstrap workshop/leave-management-system/leave-management-system/public/index.php(20): Illuminate/Foundation/Application->handleRequest(Object(Illuminate/Http/Request))
#52 D:/bootstrap workshop/leave-management-system/leave-management-system/vendor/laravel/framework/src/Illuminate/Foundation/resources/server.php(23): require_once('D://bootstrap wo...')
#53 {main}

[previous exception] [object] (Illuminate\\Database\\SQLiteDatabaseDoesNotExistException(code: 0): Database file at path [D:\\bootstrap workshop\\leave-management-system\\leave-management-system\\database\\database.sqlite] does not exist. Ensure this is an absolute path to the database. at D:/bootstrap workshop/leave-management-system/leave-management-system/vendor/laravel/framework/src/Illuminate/Database/Connectors/SQLiteConnector.php:60)
[stacktrace]
#0 D:/bootstrap workshop/leave-management-system/leave-management-system/vendor/laravel/framework/src/Illuminate/Database/Connectors/SQLiteConnector.php(19): Illuminate/Database/Connectors/SQLiteConnector->parseDatabasePath(false)
#1 D:/bootstrap workshop/leave-management-system/leave-management-system/vendor/laravel/framework/src/Illuminate/Database/Connectors/ConnectionFactory.php(225): Illuminate/Database/Connectors/SQLiteConnector->connect(Array)
#2 [internal function]: Illuminate/Database/Connectors/ConnectionFactory->Illuminate/Database/Connectors/{closure}()
#3 D:/bootstrap workshop/leave-management-system/leave-management-system/vendor/laravel/framework/src/Illuminate/Database/Connection.php(1257): call_user_func(Object(Closure))
#4 D:/bootstrap workshop/leave-management-system/leave-management-system/vendor/laravel/framework/src/Illuminate/Database/Connection.php(525): Illuminate/Database/Connection->getPdo()
#5 D:/bootstrap workshop/leave-management-system/leave-management-system/vendor/laravel/framework/src/Illuminate/Database/Connection.php(420): Illuminate/Database/Connection->getPdoForSelect(false)
#6 D:/bootstrap workshop/leave-management-system/leave-management-system/vendor/laravel/framework/src/Illuminate/Database/Connection.php(827): Illuminate/Database/Connection->Illuminate/Database/{closure}('select * from \"...', Array)
#7 D:/bootstrap workshop/leave-management-system/leave-management-system/vendor/laravel/framework/src/Illuminate/Database/Connection.php(794): Illuminate/Database/Connection->runQueryCallback('select * from \"...', Array, Object(Closure))
#8 D:/bootstrap workshop/leave-management-system/leave-management-system/vendor/laravel/framework/src/Illuminate/Database/Connection.php(411): Illuminate/Database/Connection->run('select * from \"...', Array, Object(Closure))
#9 D:/bootstrap workshop/leave-management-system/leave-management-system/vendor/laravel/framework/src/Illuminate/Database/Query/Builder.php(3475): Illuminate/Database/Connection->select('select * from \"...', Array, false)
#10 D:/bootstrap workshop/leave-management-system/leave-management-system/vendor/laravel/framework/src/Illuminate/Database/Query/Builder.php(3460): Illuminate/Database/Query/Builder->runSelect()
#11 D:/bootstrap workshop/leave-management-system/leave-management-system/vendor/laravel/framework/src/Illuminate/Database/Query/Builder.php(4050): Illuminate/Database/Query/Builder->Illuminate/Database/Query/{closure}()
#12 D:/bootstrap workshop/leave-management-system/leave-management-system/vendor/laravel/framework/src/Illuminate/Database/Query/Builder.php(3459): Illuminate/Database/Query/Builder->onceWithColumns(Array, Object(Closure))
#13 D:/bootstrap workshop/leave-management-system/leave-management-system/vendor/laravel/framework/src/Illuminate/Database/Concerns/BuildsQueries.php(366): Illuminate/Database/Query/Builder->get(Array)
#14 D:/bootstrap workshop/leave-management-system/leave-management-system/vendor/laravel/framework/src/Illuminate/Database/Query/Builder.php(3382): Illuminate/Database/Query/Builder->first(Array)
#15 D:/bootstrap workshop/leave-management-system/leave-management-system/vendor/laravel/framework/src/Illuminate/Session/DatabaseSessionHandler.php(96): Illuminate/Database/Query/Builder->find('RNCNHbtjFMWH99O...')
#16 D:/bootstrap workshop/leave-management-system/leave-management-system/vendor/laravel/framework/src/Illuminate/Session/Store.php(128): Illuminate/Session/DatabaseSessionHandler->read('RNCNHbtjFMWH99O...')
#17 D:/bootstrap workshop/leave-management-system/leave-management-system/vendor/laravel/framework/src/Illuminate/Session/Store.php(116): Illuminate/Session/Store->readFromHandler()
#18 D:/bootstrap workshop/leave-management-system/leave-management-system/vendor/laravel/framework/src/Illuminate/Session/Store.php(100): Illuminate/Session/Store->loadSession()
#19 D:/bootstrap workshop/leave-management-system/leave-management-system/vendor/laravel/framework/src/Illuminate/Session/Middleware/StartSession.php(146): Illuminate/Session/Store->start()
#20 D:/bootstrap workshop/leave-management-system/leave-management-system/vendor/laravel/framework/src/Illuminate/Support/helpers.php(388): Illuminate/Session/Middleware/StartSession->Illuminate/Session/Middleware/{closure}(Object(Illuminate/Session/Store))
#21 D:/bootstrap workshop/leave-management-system/leave-management-system/vendor/laravel/framework/src/Illuminate/Session/Middleware/StartSession.php(143): tap(Object(Illuminate/Session/Store), Object(Closure))
#22 D:/bootstrap workshop/leave-management-system/leave-management-system/vendor/laravel/framework/src/Illuminate/Session/Middleware/StartSession.php(115): Illuminate/Session/Middleware/StartSession->startSession(Object(Illuminate/Http/Request), Object(Illuminate/Session/Store))
#23 D:/bootstrap workshop/leave-management-system/leave-management-system/vendor/laravel/framework/src/Illuminate/Session/Middleware/StartSession.php(63): Illuminate/Session/Middleware/StartSession->handleStatefulRequest(Object(Illuminate/Http/Request), Object(Illuminate/Session/Store), Object(Closure))
#24 D:/bootstrap workshop/leave-management-system/leave-management-system/vendor/laravel/framework/src/Illuminate/Pipeline/Pipeline.php(219): Illuminate/Session/Middleware/StartSession->handle(Object(Illuminate/Http/Request), Object(Closure))
#25 D:/bootstrap workshop/leave-management-system/leave-management-system/vendor/laravel/framework/src/Illuminate/Cookie/Middleware/AddQueuedCookiesToResponse.php(36): Illuminate/Pipeline/Pipeline->Illuminate/Pipeline/{closure}(Object(Illuminate/Http/Request))
#26 D:/bootstrap workshop/leave-management-system/leave-management-system/vendor/laravel/framework/src/Illuminate/Pipeline/Pipeline.php(219): Illuminate/Cookie/Middleware/AddQueuedCookiesToResponse->handle(Object(Illuminate/Http/Request), Object(Closure))
#27 D:/bootstrap workshop/leave-management-system/leave-management-system/vendor/laravel/framework/src/Illuminate/Cookie/Middleware/EncryptCookies.php(74): Illuminate/Pipeline/Pipeline->Illuminate/Pipeline/{closure}(Object(Illuminate/Http/Request))
#28 D:/bootstrap workshop/leave-management-system/leave-management-system/vendor/laravel/framework/src/Illuminate/Pipeline/Pipeline.php(219): Illuminate/Cookie/Middleware/EncryptCookies->handle(Object(Illuminate/Http/Request), Object(Closure))
#29 D:/bootstrap workshop/leave-management-system/leave-management-system/vendor/laravel/framework/src/Illuminate/Pipeline/Pipeline.php(137): Illuminate/Pipeline/Pipeline->Illuminate/Pipeline/{closure}(Object(Illuminate/Http/Request))
#30 D:/bootstrap workshop/leave-management-system/leave-management-system/vendor/laravel/framework/src/Illuminate/Routing/Router.php(821): Illuminate/Pipeline/Pipeline->then(Object(Closure))
#31 D:/bootstrap workshop/leave-management-system/leave-management-system/vendor/laravel/framework/src/Illuminate/Routing/Router.php(800): Illuminate/Routing/Router->runRouteWithinStack(Object(Illuminate/Routing/Route), Object(Illuminate/Http/Request))
#32 D:/bootstrap workshop/leave-management-system/leave-management-system/vendor/laravel/framework/src/Illuminate/Routing/Router.php(764): Illuminate/Routing/Router->runRoute(Object(Illuminate/Http/Request), Object(Illuminate/Routing/Route))
#33 D:/bootstrap workshop/leave-management-system/leave-management-system/vendor/laravel/framework/src/Illuminate/Routing/Router.php(753): Illuminate/Routing/Router->dispatchToRoute(Object(Illuminate/Http/Request))
#34 D:/bootstrap workshop/leave-management-system/leave-management-system/vendor/laravel/framework/src/Illuminate/Foundation/Http/Kernel.php(200): Illuminate/Routing/Router->dispatch(Object(Illuminate/Http/Request))
#35 D:/bootstrap workshop/leave-management-system/leave-management-system/vendor/laravel/framework/src/Illuminate/Pipeline/Pipeline.php(180): Illuminate/Foundation/Http/Kernel->Illuminate/Foundation/Http/{closure}(Object(Illuminate/Http/Request))
#36 D:/bootstrap workshop/leave-management-system/leave-management-system/vendor/laravel/framework/src/Illuminate/Foundation/Http/Middleware/TransformsRequest.php(21): Illuminate/Pipeline/Pipeline->Illuminate/Pipeline/{closure}(Object(Illuminate/Http/Request))
#37 D:/bootstrap workshop/leave-management-system/leave-management-system/vendor/laravel/framework/src/Illuminate/Foundation/Http/Middleware/ConvertEmptyStringsToNull.php(31): Illuminate/Foundation/Http/Middleware/TransformsRequest->handle(Object(Illuminate/Http/Request), Object(Closure))
#38 D:/bootstrap workshop/leave-management-system/leave-management-system/vendor/laravel/framework/src/Illuminate/Pipeline/Pipeline.php(219): Illuminate/Foundation/Http/Middleware/ConvertEmptyStringsToNull->handle(Object(Illuminate/Http/Request), Object(Closure))
#39 D:/bootstrap workshop/leave-management-system/leave-management-system/vendor/laravel/framework/src/Illuminate/Foundation/Http/Middleware/TransformsRequest.php(21): Illuminate/Pipeline/Pipeline->Illuminate/Pipeline/{closure}(Object(Illuminate/Http/Request))
#40 D:/bootstrap workshop/leave-management-system/leave-management-system/vendor/laravel/framework/src/Illuminate/Foundation/Http/Middleware/TrimStrings.php(51): Illuminate/Foundation/Http/Middleware/TransformsRequest->handle(Object(Illuminate/Http/Request), Object(Closure))
#41 D:/bootstrap workshop/leave-management-system/leave-management-system/vendor/laravel/framework/src/Illuminate/Pipeline/Pipeline.php(219): Illuminate/Foundation/Http/Middleware/TrimStrings->handle(Object(Illuminate/Http/Request), Object(Closure))
#42 D:/bootstrap workshop/leave-management-system/leave-management-system/vendor/laravel/framework/src/Illuminate/Http/Middleware/ValidatePostSize.php(27): Illuminate/Pipeline/Pipeline->Illuminate/Pipeline/{closure}(Object(Illuminate/Http/Request))
#43 D:/bootstrap workshop/leave-management-system/leave-management-system/vendor/laravel/framework/src/Illuminate/Pipeline/Pipeline.php(219): Illuminate/Http/Middleware/ValidatePostSize->handle(Object(Illuminate/Http/Request), Object(Closure))
#44 D:/bootstrap workshop/leave-management-system/leave-management-system/vendor/laravel/framework/src/Illuminate/Foundation/Http/Middleware/PreventRequestsDuringMaintenance.php(109): Illuminate/Pipeline/Pipeline->Illuminate/Pipeline/{closure}(Object(Illuminate/Http/Request))
#45 D:/bootstrap workshop/leave-management-system/leave-management-system/vendor/laravel/framework/src/Illuminate/Pipeline/Pipeline.php(219): Illuminate/Foundation/Http/Middleware/PreventRequestsDuringMaintenance->handle(Object(Illuminate/Http/Request), Object(Closure))
#46 D:/bootstrap workshop/leave-management-system/leave-management-system/vendor/laravel/framework/src/Illuminate/Http/Middleware/HandleCors.php(61): Illuminate/Pipeline/Pipeline->Illuminate/Pipeline/{closure}(Object(Illuminate/Http/Request))
#47 D:/bootstrap workshop/leave-management-system/leave-management-system/vendor/laravel/framework/src/Illuminate/Pipeline/Pipeline.php(219): Illuminate/Http/Middleware/HandleCors->handle(Object(Illuminate/Http/Request), Object(Closure))
#48 D:/bootstrap workshop/leave-management-system/leave-management-system/vendor/laravel/framework/src/Illuminate/Http/Middleware/TrustProxies.php(58): Illuminate/Pipeline/Pipeline->Illuminate/Pipeline/{closure}(Object(Illuminate/Http/Request))
#49 D:/bootstrap workshop/leave-management-system/leave-management-system/vendor/laravel/framework/src/Illuminate/Pipeline/Pipeline.php(219): Illuminate/Http/Middleware/TrustProxies->handle(Object(Illuminate/Http/Request), Object(Closure))
#50 D:/bootstrap workshop/leave-management-system/leave-management-system/vendor/laravel/framework/src/Illuminate/Foundation/Http/Middleware/InvokeDeferredCallbacks.php(22): Illuminate/Pipeline/Pipeline->Illuminate/Pipeline/{closure}(Object(Illuminate/Http/Request))
#51 D:/bootstrap workshop/leave-management-system/leave-management-system/vendor/laravel/framework/src/Illuminate/Pipeline/Pipeline.php(219): Illuminate/Foundation/Http/Middleware/InvokeDeferredCallbacks->handle(Object(Illuminate/Http/Request), Object(Closure))
#52 D:/bootstrap workshop/leave-management-system/leave-management-system/vendor/laravel/framework/src/Illuminate/Http/Middleware/ValidatePathEncoding.php(26): Illuminate/Pipeline/Pipeline->Illuminate/Pipeline/{closure}(Object(Illuminate/Http/Request))
#53 D:/bootstrap workshop/leave-management-system/leave-management-system/vendor/laravel/framework/src/Illuminate/Pipeline/Pipeline.php(219): Illuminate/Http/Middleware/ValidatePathEncoding->handle(Object(Illuminate/Http/Request), Object(Closure))
#54 D:/bootstrap workshop/leave-management-system/leave-management-system/vendor/laravel/framework/src/Illuminate/Pipeline/Pipeline.php(137): Illuminate/Pipeline/Pipeline->Illuminate/Pipeline/{closure}(Object(Illuminate/Http/Request))
#55 D:/bootstrap workshop/leave-management-system/leave-management-system/vendor/laravel/framework/src/Illuminate/Foundation/Http/Kernel.php(175): Illuminate/Pipeline/Pipeline->then(Object(Closure))
#56 D:/bootstrap workshop/leave-management-system/leave-management-system/vendor/laravel/framework/src/Illuminate/Foundation/Http/Kernel.php(144): Illuminate/Foundation/Http/Kernel->sendRequestThroughRouter(Object(Illuminate/Http/Request))
#57 D:/bootstrap workshop/leave-management-system/leave-management-system/vendor/laravel/framework/src/Illuminate/Foundation/Application.php(1220): Illuminate/Foundation/Http/Kernel->handle(Object(Illuminate/Http/Request))
#58 D:/bootstrap workshop/leave-management-system/leave-management-system/public/index.php(20): Illuminate/Foundation/Application->handleRequest(Object(Illuminate/Http/Request))
#59 D:/bootstrap workshop/leave-management-system/leave-management-system/vendor/laravel/framework/src/Illuminate/Foundation/resources/server.php(23): require_once('D://bootstrap wo...')
#60 {main}
"} 
[2026-04-22 18:04:05] local.ERROR: SQLSTATE[23000]: Integrity constraint violation: 19 UNIQUE constraint failed: departments.code (Connection: sqlite, Database: D:\bootstrap workshop\leave-management-system\leave-management-system\database\database.sqlite, SQL: insert into "departments" ("name", "code", "description", "updated_at", "created_at") values (Human Resources, HR, Human Resources Department, 2026-04-22 18:04:03, 2026-04-22 18:04:03)) {"exception":"[object] (Illuminate\\Database\\UniqueConstraintViolationException(code: 23000): SQLSTATE[23000]: Integrity constraint violation: 19 UNIQUE constraint failed: departments.code (Connection: sqlite, Database: D:\\bootstrap workshop\\leave-management-system\\leave-management-system\\database\\database.sqlite, SQL: insert into \"departments\" (\"name\", \"code\", \"description\", \"updated_at\", \"created_at\") values (Human Resources, HR, Human Resources Department, 2026-04-22 18:04:03, 2026-04-22 18:04:03)) at D:/bootstrap workshop/leave-management-system/leave-management-system/vendor/laravel/framework/src/Illuminate/Database/Connection.php:838)
[stacktrace]
#0 D:/bootstrap workshop/leave-management-system/leave-management-system/vendor/laravel/framework/src/Illuminate/Database/Connection.php(794): Illuminate/Database/Connection->runQueryCallback('insert into \"de...', Array, Object(Closure))
#1 D:/bootstrap workshop/leave-management-system/leave-management-system/vendor/laravel/framework/src/Illuminate/Database/Connection.php(573): Illuminate/Database/Connection->run('insert into \"de...', Array, Object(Closure))
#2 D:/bootstrap workshop/leave-management-system/leave-management-system/vendor/laravel/framework/src/Illuminate/Database/Connection.php(537): Illuminate/Database/Connection->statement('insert into \"de...', Array)
#3 D:/bootstrap workshop/leave-management-system/leave-management-system/vendor/laravel/framework/src/Illuminate/Database/Query/Processors/Processor.php(32): Illuminate/Database/Connection->insert('insert into \"de...', Array)
#4 D:/bootstrap workshop/leave-management-system/leave-management-system/vendor/laravel/framework/src/Illuminate/Database/Query/Builder.php(4140): Illuminate/Database/Query/Processors/Processor->processInsertGetId(Object(Illuminate/Database/Query/Builder), 'insert into \"de...', Array, 'id')
#5 D:/bootstrap workshop/leave-management-system/leave-management-system/vendor/laravel/framework/src/Illuminate/Database/Eloquent/Builder.php(2235): Illuminate/Database/Query/Builder->insertGetId(Array, 'id')
#6 D:/bootstrap workshop/leave-management-system/leave-management-system/vendor/laravel/framework/src/Illuminate/Database/Eloquent/Model.php(1436): Illuminate/Database/Eloquent/Builder->__call('insertGetId', Array)
#7 D:/bootstrap workshop/leave-management-system/leave-management-system/vendor/laravel/framework/src/Illuminate/Database/Eloquent/Model.php(1401): Illuminate/Database/Eloquent/Model->insertAndSetId(Object(Illuminate/Database/Eloquent/Builder), Array)
#8 D:/bootstrap workshop/leave-management-system/leave-management-system/vendor/laravel/framework/src/Illuminate/Database/Eloquent/Model.php(1240): Illuminate/Database/Eloquent/Model->performInsert(Object(Illuminate/Database/Eloquent/Builder))
#9 D:/bootstrap workshop/leave-management-system/leave-management-system/vendor/laravel/framework/src/Illuminate/Database/Eloquent/Builder.php(1219): Illuminate/Database/Eloquent/Model->save()
#10 D:/bootstrap workshop/leave-management-system/leave-management-system/vendor/laravel/framework/src/Illuminate/Support/helpers.php(388): Illuminate/Database/Eloquent/Builder->Illuminate/Database/Eloquent/{closure}(Object(App/Models/Department))
#11 D:/bootstrap workshop/leave-management-system/leave-management-system/vendor/laravel/framework/src/Illuminate/Database/Eloquent/Builder.php(1218): tap(Object(App/Models/Department), Object(Closure))
#12 D:/bootstrap workshop/leave-management-system/leave-management-system/vendor/laravel/framework/src/Illuminate/Support/Traits/ForwardsCalls.php(23): Illuminate/Database/Eloquent/Builder->create(Array)
#13 D:/bootstrap workshop/leave-management-system/leave-management-system/vendor/laravel/framework/src/Illuminate/Database/Eloquent/Model.php(2540): Illuminate/Database/Eloquent/Model->forwardCallTo(Object(Illuminate/Database/Eloquent/Builder), 'create', Array)
#14 D:/bootstrap workshop/leave-management-system/leave-management-system/vendor/laravel/framework/src/Illuminate/Database/Eloquent/Model.php(2556): Illuminate/Database/Eloquent/Model->__call('create', Array)
#15 D:/bootstrap workshop/leave-management-system/leave-management-system/database/seeders/DatabaseSeeder.php(28): Illuminate/Database/Eloquent/Model::__callStatic('create', Array)
#16 D:/bootstrap workshop/leave-management-system/leave-management-system/vendor/laravel/framework/src/Illuminate/Container/BoundMethod.php(36): Database/Seeders/DatabaseSeeder->run()
#17 D:/bootstrap workshop/leave-management-system/leave-management-system/vendor/laravel/framework/src/Illuminate/Container/Util.php(43): Illuminate/Container/BoundMethod::Illuminate/Container/{closure}()
#18 D:/bootstrap workshop/leave-management-system/leave-management-system/vendor/laravel/framework/src/Illuminate/Container/BoundMethod.php(96): Illuminate/Container/Util::unwrapIfClosure(Object(Closure))
#19 D:/bootstrap workshop/leave-management-system/leave-management-system/vendor/laravel/framework/src/Illuminate/Container/BoundMethod.php(35): Illuminate/Container/BoundMethod::callBoundMethod(Object(Illuminate/Foundation/Application), Array, Object(Closure))
#20 D:/bootstrap workshop/leave-management-system/leave-management-system/vendor/laravel/framework/src/Illuminate/Container/Container.php(799): Illuminate/Container/BoundMethod::call(Object(Illuminate/Foundation/Application), Array, Array, NULL)
#21 D:/bootstrap workshop/leave-management-system/leave-management-system/vendor/laravel/framework/src/Illuminate/Database/Seeder.php(184): Illuminate/Container/Container->call(Array, Array)
#22 D:/bootstrap workshop/leave-management-system/leave-management-system/vendor/laravel/framework/src/Illuminate/Database/Seeder.php(193): Illuminate/Database/Seeder->Illuminate/Database/{closure}()
#23 D:/bootstrap workshop/leave-management-system/leave-management-system/vendor/laravel/framework/src/Illuminate/Database/Console/Seeds/SeedCommand.php(71): Illuminate/Database/Seeder->__invoke()
#24 D:/bootstrap workshop/leave-management-system/leave-management-system/vendor/laravel/framework/src/Illuminate/Database/Eloquent/Concerns/GuardsAttributes.php(157): Illuminate/Database/Console/Seeds/SeedCommand->Illuminate/Database/Console/Seeds/{closure}()
#25 D:/bootstrap workshop/leave-management-system/leave-management-system/vendor/laravel/framework/src/Illuminate/Database/Console/Seeds/SeedCommand.php(70): Illuminate/Database/Eloquent/Model::unguarded(Object(Closure))
#26 D:/bootstrap workshop/leave-management-system/leave-management-system/vendor/laravel/framework/src/Illuminate/Container/BoundMethod.php(36): Illuminate/Database/Console/Seeds/SeedCommand->handle()
#27 D:/bootstrap workshop/leave-management-system/leave-management-system/vendor/laravel/framework/src/Illuminate/Container/Util.php(43): Illuminate/Container/BoundMethod::Illuminate/Container/{closure}()
#28 D:/bootstrap workshop/leave-management-system/leave-management-system/vendor/laravel/framework/src/Illuminate/Container/BoundMethod.php(96): Illuminate/Container/Util::unwrapIfClosure(Object(Closure))
#29 D:/bootstrap workshop/leave-management-system/leave-management-system/vendor/laravel/framework/src/Illuminate/Container/BoundMethod.php(35): Illuminate/Container/BoundMethod::callBoundMethod(Object(Illuminate/Foundation/Application), Array, Object(Closure))
#30 D:/bootstrap workshop/leave-management-system/leave-management-system/vendor/laravel/framework/src/Illuminate/Container/Container.php(799): Illuminate/Container/BoundMethod::call(Object(Illuminate/Foundation/Application), Array, Array, NULL)
#31 D:/bootstrap workshop/leave-management-system/leave-management-system/vendor/laravel/framework/src/Illuminate/Console/Command.php(211): Illuminate/Container/Container->call(Array)
#32 D:/bootstrap workshop/leave-management-system/leave-management-system/vendor/symfony/console/Command/Command.php(341): Illuminate/Console/Command->execute(Object(Symfony/Component/Console/Input/ArgvInput), Object(Illuminate/Console/OutputStyle))
#33 D:/bootstrap workshop/leave-management-system/leave-management-system/vendor/laravel/framework/src/Illuminate/Console/Command.php(180): Symfony/Component/Console/Command/Command->run(Object(Symfony/Component/Console/Input/ArgvInput), Object(Illuminate/Console/OutputStyle))
#34 D:/bootstrap workshop/leave-management-system/leave-management-system/vendor/symfony/console/Application.php(1117): Illuminate/Console/Command->run(Object(Symfony/Component/Console/Input/ArgvInput), Object(Symfony/Component/Console/Output/ConsoleOutput))
#35 D:/bootstrap workshop/leave-management-system/leave-management-system/vendor/symfony/console/Application.php(356): Symfony/Component/Console/Application->doRunCommand(Object(Illuminate/Database/Console/Seeds/SeedCommand), Object(Symfony/Component/Console/Input/ArgvInput), Object(Symfony/Component/Console/Output/ConsoleOutput))
#36 D:/bootstrap workshop/leave-management-system/leave-management-system/vendor/symfony/console/Application.php(195): Symfony/Component/Console/Application->doRun(Object(Symfony/Component/Console/Input/ArgvInput), Object(Symfony/Component/Console/Output/ConsoleOutput))
#37 D:/bootstrap workshop/leave-management-system/leave-management-system/vendor/laravel/framework/src/Illuminate/Foundation/Console/Kernel.php(198): Symfony/Component/Console/Application->run(Object(Symfony/Component/Console/Input/ArgvInput), Object(Symfony/Component/Console/Output/ConsoleOutput))
#38 D:/bootstrap workshop/leave-management-system/leave-management-system/vendor/laravel/framework/src/Illuminate/Foundation/Application.php(1235): Illuminate/Foundation/Console/Kernel->handle(Object(Symfony/Component/Console/Input/ArgvInput), Object(Symfony/Component/Console/Output/ConsoleOutput))
#39 D:/bootstrap workshop/leave-management-system/leave-management-system/artisan(16): Illuminate/Foundation/Application->handleCommand(Object(Symfony/Component/Console/Input/ArgvInput))
#40 {main}

[previous exception] [object] (PDOException(code: 23000): SQLSTATE[23000]: Integrity constraint violation: 19 UNIQUE constraint failed: departments.code at D:/bootstrap workshop/leave-management-system/leave-management-system/vendor/laravel/framework/src/Illuminate/Database/Connection.php:584)
[stacktrace]
#0 D:/bootstrap workshop/leave-management-system/leave-management-system/vendor/laravel/framework/src/Illuminate/Database/Connection.php(584): PDOStatement->execute()
#1 D:/bootstrap workshop/leave-management-system/leave-management-system/vendor/laravel/framework/src/Illuminate/Database/Connection.php(827): Illuminate/Database/Connection->Illuminate/Database/{closure}('insert into \"de...', Array)
#2 D:/bootstrap workshop/leave-management-system/leave-management-system/vendor/laravel/framework/src/Illuminate/Database/Connection.php(794): Illuminate/Database/Connection->runQueryCallback('insert into \"de...', Array, Object(Closure))
#3 D:/bootstrap workshop/leave-management-system/leave-management-system/vendor/laravel/framework/src/Illuminate/Database/Connection.php(573): Illuminate/Database/Connection->run('insert into \"de...', Array, Object(Closure))
#4 D:/bootstrap workshop/leave-management-system/leave-management-system/vendor/laravel/framework/src/Illuminate/Database/Connection.php(537): Illuminate/Database/Connection->statement('insert into \"de...', Array)
#5 D:/bootstrap workshop/leave-management-system/leave-management-system/vendor/laravel/framework/src/Illuminate/Database/Query/Processors/Processor.php(32): Illuminate/Database/Connection->insert('insert into \"de...', Array)
#6 D:/bootstrap workshop/leave-management-system/leave-management-system/vendor/laravel/framework/src/Illuminate/Database/Query/Builder.php(4140): Illuminate/Database/Query/Processors/Processor->processInsertGetId(Object(Illuminate/Database/Query/Builder), 'insert into \"de...', Array, 'id')
#7 D:/bootstrap workshop/leave-management-system/leave-management-system/vendor/laravel/framework/src/Illuminate/Database/Eloquent/Builder.php(2235): Illuminate/Database/Query/Builder->insertGetId(Array, 'id')
#8 D:/bootstrap workshop/leave-management-system/leave-management-system/vendor/laravel/framework/src/Illuminate/Database/Eloquent/Model.php(1436): Illuminate/Database/Eloquent/Builder->__call('insertGetId', Array)
#9 D:/bootstrap workshop/leave-management-system/leave-management-system/vendor/laravel/framework/src/Illuminate/Database/Eloquent/Model.php(1401): Illuminate/Database/Eloquent/Model->insertAndSetId(Object(Illuminate/Database/Eloquent/Builder), Array)
#10 D:/bootstrap workshop/leave-management-system/leave-management-system/vendor/laravel/framework/src/Illuminate/Database/Eloquent/Model.php(1240): Illuminate/Database/Eloquent/Model->performInsert(Object(Illuminate/Database/Eloquent/Builder))
#11 D:/bootstrap workshop/leave-management-system/leave-management-system/vendor/laravel/framework/src/Illuminate/Database/Eloquent/Builder.php(1219): Illuminate/Database/Eloquent/Model->save()
#12 D:/bootstrap workshop/leave-management-system/leave-management-system/vendor/laravel/framework/src/Illuminate/Support/helpers.php(388): Illuminate/Database/Eloquent/Builder->Illuminate/Database/Eloquent/{closure}(Object(App/Models/Department))
#13 D:/bootstrap workshop/leave-management-system/leave-management-system/vendor/laravel/framework/src/Illuminate/Database/Eloquent/Builder.php(1218): tap(Object(App/Models/Department), Object(Closure))
#14 D:/bootstrap workshop/leave-management-system/leave-management-system/vendor/laravel/framework/src/Illuminate/Support/Traits/ForwardsCalls.php(23): Illuminate/Database/Eloquent/Builder->create(Array)
#15 D:/bootstrap workshop/leave-management-system/leave-management-system/vendor/laravel/framework/src/Illuminate/Database/Eloquent/Model.php(2540): Illuminate/Database/Eloquent/Model->forwardCallTo(Object(Illuminate/Database/Eloquent/Builder), 'create', Array)
#16 D:/bootstrap workshop/leave-management-system/leave-management-system/vendor/laravel/framework/src/Illuminate/Database/Eloquent/Model.php(2556): Illuminate/Database/Eloquent/Model->__call('create', Array)
#17 D:/bootstrap workshop/leave-management-system/leave-management-system/database/seeders/DatabaseSeeder.php(28): Illuminate/Database/Eloquent/Model::__callStatic('create', Array)
#18 D:/bootstrap workshop/leave-management-system/leave-management-system/vendor/laravel/framework/src/Illuminate/Container/BoundMethod.php(36): Database/Seeders/DatabaseSeeder->run()
#19 D:/bootstrap workshop/leave-management-system/leave-management-system/vendor/laravel/framework/src/Illuminate/Container/Util.php(43): Illuminate/Container/BoundMethod::Illuminate/Container/{closure}()
#20 D:/bootstrap workshop/leave-management-system/leave-management-system/vendor/laravel/framework/src/Illuminate/Container/BoundMethod.php(96): Illuminate/Container/Util::unwrapIfClosure(Object(Closure))
#21 D:/bootstrap workshop/leave-management-system/leave-management-system/vendor/laravel/framework/src/Illuminate/Container/BoundMethod.php(35): Illuminate/Container/BoundMethod::callBoundMethod(Object(Illuminate/Foundation/Application), Array, Object(Closure))
#22 D:/bootstrap workshop/leave-management-system/leave-management-system/vendor/laravel/framework/src/Illuminate/Container/Container.php(799): Illuminate/Container/BoundMethod::call(Object(Illuminate/Foundation/Application), Array, Array, NULL)
#23 D:/bootstrap workshop/leave-management-system/leave-management-system/vendor/laravel/framework/src/Illuminate/Database/Seeder.php(184): Illuminate/Container/Container->call(Array, Array)
#24 D:/bootstrap workshop/leave-management-system/leave-management-system/vendor/laravel/framework/src/Illuminate/Database/Seeder.php(193): Illuminate/Database/Seeder->Illuminate/Database/{closure}()
#25 D:/bootstrap workshop/leave-management-system/leave-management-system/vendor/laravel/framework/src/Illuminate/Database/Console/Seeds/SeedCommand.php(71): Illuminate/Database/Seeder->__invoke()
#26 D:/bootstrap workshop/leave-management-system/leave-management-system/vendor/laravel/framework/src/Illuminate/Database/Eloquent/Concerns/GuardsAttributes.php(157): Illuminate/Database/Console/Seeds/SeedCommand->Illuminate/Database/Console/Seeds/{closure}()
#27 D:/bootstrap workshop/leave-management-system/leave-management-system/vendor/laravel/framework/src/Illuminate/Database/Console/Seeds/SeedCommand.php(70): Illuminate/Database/Eloquent/Model::unguarded(Object(Closure))
#28 D:/bootstrap workshop/leave-management-system/leave-management-system/vendor/laravel/framework/src/Illuminate/Container/BoundMethod.php(36): Illuminate/Database/Console/Seeds/SeedCommand->handle()
#29 D:/bootstrap workshop/leave-management-system/leave-management-system/vendor/laravel/framework/src/Illuminate/Container/Util.php(43): Illuminate/Container/BoundMethod::Illuminate/Container/{closure}()
#30 D:/bootstrap workshop/leave-management-system/leave-management-system/vendor/laravel/framework/src/Illuminate/Container/BoundMethod.php(96): Illuminate/Container/Util::unwrapIfClosure(Object(Closure))
#31 D:/bootstrap workshop/leave-management-system/leave-management-system/vendor/laravel/framework/src/Illuminate/Container/BoundMethod.php(35): Illuminate/Container/BoundMethod::callBoundMethod(Object(Illuminate/Foundation/Application), Array, Object(Closure))
#32 D:/bootstrap workshop/leave-management-system/leave-management-system/vendor/laravel/framework/src/Illuminate/Container/Container.php(799): Illuminate/Container/BoundMethod::call(Object(Illuminate/Foundation/Application), Array, Array, NULL)
#33 D:/bootstrap workshop/leave-management-system/leave-management-system/vendor/laravel/framework/src/Illuminate/Console/Command.php(211): Illuminate/Container/Container->call(Array)
#34 D:/bootstrap workshop/leave-management-system/leave-management-system/vendor/symfony/console/Command/Command.php(341): Illuminate/Console/Command->execute(Object(Symfony/Component/Console/Input/ArgvInput), Object(Illuminate/Console/OutputStyle))
#35 D:/bootstrap workshop/leave-management-system/leave-management-system/vendor/laravel/framework/src/Illuminate/Console/Command.php(180): Symfony/Component/Console/Command/Command->run(Object(Symfony/Component/Console/Input/ArgvInput), Object(Illuminate/Console/OutputStyle))
#36 D:/bootstrap workshop/leave-management-system/leave-management-system/vendor/symfony/console/Application.php(1117): Illuminate/Console/Command->run(Object(Symfony/Component/Console/Input/ArgvInput), Object(Symfony/Component/Console/Output/ConsoleOutput))
#37 D:/bootstrap workshop/leave-management-system/leave-management-system/vendor/symfony/console/Application.php(356): Symfony/Component/Console/Application->doRunCommand(Object(Illuminate/Database/Console/Seeds/SeedCommand), Object(Symfony/Component/Console/Input/ArgvInput), Object(Symfony/Component/Console/Output/ConsoleOutput))
#38 D:/bootstrap workshop/leave-management-system/leave-management-system/vendor/symfony/console/Application.php(195): Symfony/Component/Console/Application->doRun(Object(Symfony/Component/Console/Input/ArgvInput), Object(Symfony/Component/Console/Output/ConsoleOutput))
#39 D:/bootstrap workshop/leave-management-system/leave-management-system/vendor/laravel/framework/src/Illuminate/Foundation/Console/Kernel.php(198): Symfony/Component/Console/Application->run(Object(Symfony/Component/Console/Input/ArgvInput), Object(Symfony/Component/Console/Output/ConsoleOutput))
#40 D:/bootstrap workshop/leave-management-system/leave-management-system/vendor/laravel/framework/src/Illuminate/Foundation/Application.php(1235): Illuminate/Foundation/Console/Kernel->handle(Object(Symfony/Component/Console/Input/ArgvInput), Object(Symfony/Component/Console/Output/ConsoleOutput))
#41 D:/bootstrap workshop/leave-management-system/leave-management-system/artisan(16): Illuminate/Foundation/Application->handleCommand(Object(Symfony/Component/Console/Input/ArgvInput))
#42 {main}
"} 
